SET session_replication_role = replica;

--
-- PostgreSQL database dump
--

-- Dumped from database version 17.4
-- Dumped by pg_dump version 17.4

SET statement_timeout = 0;
SET lock_timeout = 0;
SET idle_in_transaction_session_timeout = 0;
SET transaction_timeout = 0;
SET client_encoding = 'UTF8';
SET standard_conforming_strings = on;
SELECT pg_catalog.set_config('search_path', '', false);
SET check_function_bodies = false;
SET xmloption = content;
SET client_min_messages = warning;
SET row_security = off;

--
-- Data for Name: admin_permissions; Type: TABLE DATA; Schema: public; Owner: postgres
--

INSERT INTO "public"."admin_permissions" ("id", "name", "description", "resource", "action", "created_at") VALUES
	('984d8c26-ac88-4330-a53e-774248f7306d', 'view_orders', 'View all orders', 'orders', 'read', '2025-08-30 00:44:52.584936+00'),
	('5edb4eff-b2b9-4400-9dec-0aa7a376a6e5', 'manage_orders', 'Update order statuses', 'orders', 'write', '2025-08-30 00:44:52.584936+00'),
	('19eae33e-54b1-4758-bbd6-a6cc41bca2de', 'view_customers', 'View customer profiles', 'customers', 'read', '2025-08-30 00:44:52.584936+00'),
	('081f1d56-57c5-4c0b-888c-9138f9dbd3a5', 'manage_customers', 'Edit customer information', 'customers', 'write', '2025-08-30 00:44:52.584936+00'),
	('a2fbb32e-35e9-4a6c-8e5b-29d0945c03ff', 'view_analytics', 'View business analytics', 'analytics', 'read', '2025-08-30 00:44:52.584936+00'),
	('90bd2069-bcdb-4cc1-8e1e-bd3fef356820', 'view_settings', 'View admin settings', 'settings', 'read', '2025-08-30 00:44:52.584936+00'),
	('b6e4bc21-f059-470c-8cbc-403a5c678254', 'manage_settings', 'Update admin settings', 'settings', 'write', '2025-08-30 00:44:52.584936+00'),
	('b1be9a29-8146-40f9-a6c8-ae9000dcfe10', 'admin_access', 'Full admin access', 'all', 'all', '2025-08-30 00:44:52.584936+00'),
	('ccc69390-6388-498c-9347-0fbc66045e86', 'manage_products', 'Full access to manage products', 'products', 'all', '2025-08-30 00:44:53.658016+00'),
	('15da97f7-6c01-49a3-8023-a79d19de7cff', 'manage_bundles', 'Full access to manage bundles', 'bundles', 'all', '2025-08-30 00:44:53.658016+00'),
	('83aec75f-259a-4124-8923-d238dd08bb08', 'manage_images', 'Full access to manage product images', 'product_images', 'all', '2025-08-30 00:44:53.658016+00'),
	('d78be8a1-3cc7-45a4-bfeb-8ecabee99aeb', 'sync_printful', 'Full access to Printful sync operations', 'sync_status', 'all', '2025-08-30 00:44:53.658016+00');


--
-- Data for Name: admin_roles; Type: TABLE DATA; Schema: public; Owner: postgres
--

INSERT INTO "public"."admin_roles" ("id", "user_id", "role", "permissions", "is_active", "created_at", "updated_at") VALUES
	('bf260afa-8c5e-41fa-b2f5-40fa387cec38', 'ed244dda-1121-4797-82ff-d39d998e8985', 'super_admin', '["admin_access"]', true, '2025-08-30 01:47:35.828507+00', '2025-08-30 01:47:35.828507+00');


--
-- Data for Name: admin_role_permissions; Type: TABLE DATA; Schema: public; Owner: postgres
--

INSERT INTO "public"."admin_role_permissions" ("id", "admin_role_id", "permission_id", "created_at") VALUES
	('1661baa0-c6ae-46ba-ab27-9107faf18864', 'bf260afa-8c5e-41fa-b2f5-40fa387cec38', 'b1be9a29-8146-40f9-a6c8-ae9000dcfe10', '2025-08-30 01:48:03.71733+00');


--
-- Data for Name: bundles; Type: TABLE DATA; Schema: public; Owner: postgres
--

INSERT INTO "public"."bundles" ("id", "name", "description", "retail_price", "is_active", "created_at", "updated_at", "original_price", "bundle_type", "image_url", "slug", "shipping_info", "urgency_text", "rating", "review_count", "features", "care_instructions", "materials", "popular", "sort_order") VALUES
	('8d18b61d-e53e-49f5-9328-3562d68407fd', 'Starter Bundle', 'Perfect for newcomers to the Reform UK movement. This starter bundle includes our signature T-shirt, cap, and mug, giving you everything you need to show your support.', 34.99, true, '2025-08-31 02:49:05.859517+00', '2025-08-31 02:49:05.859517+00', 44.97, 'starter', NULL, NULL, 'Free UK Shipping', 'Limited Time Offer', 4.80, 156, '{"High-quality cotton T-shirt with Reform UK branding","Adjustable cap with Reform UK logo","Ceramic mug with Reform UK branding","Great value bundle with significant savings","Perfect introduction to Reform UK merchandise","Free UK shipping included","30-day money-back guarantee"}', 'Machine wash T-shirt at 30°C. Hand wash cap and mug. Mug is dishwasher and microwave safe.', 'Premium cotton T-shirt, adjustable cap, and ceramic mug', true, 1),
	('740f30cf-67b8-4f22-a511-c53a7805377e', 'Champion Bundle', 'For the dedicated Reform UK supporter. This champion bundle includes a premium hoodie, tote bag, water bottle, and mouse pad - everything you need to show your commitment to the movement in style and comfort.', 99.99, true, '2025-08-31 02:49:05.859517+00', '2025-08-31 02:49:05.859517+00', 114.96, 'champion', NULL, NULL, 'Free UK Shipping', 'Limited Time Offer', 4.90, 203, '{"Premium cotton hoodie with Reform UK branding","Durable canvas tote bag for daily use","Stainless steel water bottle keeps drinks cold for 24 hours","High-quality mouse pad for desk setup","Excellent value bundle with significant savings","Perfect for active supporters","Free UK shipping included","30-day money-back guarantee"}', 'Machine wash hoodie at 30°C. Tote bag spot clean. Water bottle dishwasher safe.', 'Premium cotton hoodie, durable canvas tote bag, stainless steel water bottle, and high-quality mouse pad', true, 2),
	('7756b91d-02dc-451e-bfcc-4d8c5e62ddf9', 'Activist Bundle', 'The ultimate bundle for Reform UK activists. This comprehensive collection includes a premium hoodie, T-shirt, cap, tote bag, water bottle, mug, and mouse pad - everything you need to make a statement and show your commitment to the movement.', 169.99, true, '2025-08-31 02:49:05.859517+00', '2025-08-31 02:49:05.859517+00', 194.91, 'activist', NULL, NULL, 'Free UK Shipping', 'Limited Time Offer', 4.90, 156, '{"Premium cotton hoodie with Reform UK branding","Comfortable cotton T-shirt for everyday wear","Adjustable cap for perfect fit","Durable canvas tote bag for daily use","Stainless steel water bottle keeps drinks cold for 24 hours","Ceramic mug perfect for home or office","High-quality mouse pad for desk setup","Complete activist starter kit","Excellent value bundle with significant savings","Free UK shipping included","30-day money-back guarantee"}', 'Machine wash hoodie and T-shirt at 30°C. Cap can be hand washed. Tote bag spot clean. Water bottle dishwasher safe. Mug dishwasher safe.', 'Premium cotton hoodie and T-shirt, adjustable cap, durable canvas tote bag, stainless steel water bottle, ceramic mug, and high-quality mouse pad', false, 3);


--
-- Data for Name: bundle_images; Type: TABLE DATA; Schema: public; Owner: postgres
--



--
-- Data for Name: products; Type: TABLE DATA; Schema: public; Owner: postgres
--

INSERT INTO "public"."products" ("id", "name", "description", "price", "image_url", "slug", "category", "tags", "reviews", "rating", "in_stock", "stock_count", "created_at", "updated_at", "printful_product_id", "printful_cost", "retail_price", "is_available", "margin", "metadata", "is_active", "printful_product_id_light", "custom_price") VALUES
	('1c0a9021-d98a-4e0e-8069-4e2f362abbbb', 'Reform UK Sticker', 'Premium merchandise with Reform UK branding', 2.99, NULL, 'sticker', 'merchandise', '{}', 0, 4.50, true, 0, '2025-09-01 01:43:56.964818+00', '2025-09-01 03:58:55.596506+00', '390637627', 2.00, 2.99, true, 0.99, '{}', true, NULL, NULL),
	('48341979-9106-4d56-b71a-732c41f7aa6e', 'Reform UK Mouse Pad', 'Premium mouse-pad with Reform UK branding', 14.99, NULL, 'mouse-pad', 'mouse-pad', '{}', 0, 4.50, true, 0, '2025-09-01 01:43:57.978744+00', '2025-09-01 03:58:56.697798+00', '390637071', 6.95, 14.99, true, 8.04, '{}', true, NULL, NULL),
	('29b2e16a-39e8-4322-aaf1-0529b3973212', 'Reform UK Cap', 'Premium cap with Reform UK branding', 19.99, NULL, 'cap', 'cap', '{}', 0, 4.50, true, 0, '2025-09-01 01:43:58.927944+00', '2025-09-01 03:59:01.874209+00', '390636644', 12.83, 19.99, true, 7.16, '{}', true, NULL, NULL),
	('583bc73c-fdd4-4c53-aeb8-a39b73e1371c', 'Unisex t-shirt LIGHT', 'Premium tshirt with Reform UK branding', 24.99, NULL, 'unisex-t-shirt-light', 'tshirt', '{}', 0, 4.50, true, 0, '2025-09-01 01:44:12.858594+00', '2025-09-01 03:59:23.558361+00', '390629811', 8.98, 24.99, true, 16.01, '{}', true, NULL, NULL),
	('5889188a-e6c9-4161-96fa-c370a2a3c89b', 'Unisex Hoodie DARK', 'Premium hoodie with Reform UK branding', 39.99, NULL, 'unisex-hoodie-dark', 'hoodie', '{}', 0, 4.50, true, 0, '2025-09-01 01:44:20.122044+00', '2025-09-01 03:59:37.810118+00', '390628740', 17.73, 39.99, true, 22.26, '{}', true, NULL, NULL),
	('41412063-9f04-42ef-aafd-9800a47238ae', 'Unisex Hoodie LIGHT', 'Premium hoodie with Reform UK branding', 39.99, NULL, 'unisex-hoodie-light', 'hoodie', '{}', 0, 4.50, true, 0, '2025-09-01 01:44:24.898892+00', '2025-09-01 03:59:47.990112+00', '390628620', 17.73, 39.99, true, 22.26, '{}', true, NULL, NULL),
	('103b8eaf-4ef5-44a1-9c9e-f49c8367f220', 'Reform UK Tote Bag', 'Premium tote with Reform UK branding', 24.99, NULL, 'tote-bag', 'tote', '{}', 0, 4.50, true, 0, '2025-09-01 01:44:28.466264+00', '2025-09-01 03:59:49.084306+00', '390552402', 12.75, 24.99, true, 12.24, '{}', true, NULL, NULL),
	('0274bc92-4d93-47a2-a613-6fc2182de5c8', 'Reform UK Mug', 'Premium mug with Reform UK branding', 9.99, NULL, 'mug', 'mug', '{}', 0, 4.50, true, 0, '2025-09-01 01:43:57.489304+00', '2025-09-01 03:59:50.089542+00', '390637302', 4.99, 9.99, true, 5.00, '{}', true, NULL, NULL),
	('2e7c2ccd-9b4e-413e-aac6-d2be53db9663', 'Reform UK Water Bottle', 'Premium water-bottle with Reform UK branding', 24.99, NULL, 'water-bottle', 'water-bottle', '{}', 0, 4.50, true, 0, '2025-09-01 01:43:58.544859+00', '2025-09-01 03:59:51.549004+00', '390636972', 15.75, 24.99, true, 9.24, '{}', true, NULL, NULL),
	('814074c6-e88d-4505-9089-6ac04124ea23', 'Unisex t-shirt DARK', 'Premium tshirt with Reform UK branding', 24.99, NULL, 'unisex-t-shirt-dark', 'tshirt', '{}', 0, 4.50, true, 0, '2025-09-01 01:44:01.057608+00', '2025-09-01 04:00:26.340075+00', '390630122', 8.98, 24.99, true, 16.01, '{}', true, NULL, NULL);


--
-- Data for Name: bundle_items; Type: TABLE DATA; Schema: public; Owner: postgres
--



--
-- Data for Name: bundle_reviews; Type: TABLE DATA; Schema: public; Owner: postgres
--



--
-- Data for Name: customer_profiles; Type: TABLE DATA; Schema: public; Owner: postgres
--



--
-- Data for Name: data_conflicts; Type: TABLE DATA; Schema: public; Owner: postgres
--



--
-- Data for Name: orders; Type: TABLE DATA; Schema: public; Owner: postgres
--



--
-- Data for Name: fulfillments; Type: TABLE DATA; Schema: public; Owner: postgres
--



--
-- Data for Name: idempotency_keys; Type: TABLE DATA; Schema: public; Owner: postgres
--



--
-- Data for Name: image_operations_log; Type: TABLE DATA; Schema: public; Owner: postgres
--



--
-- Data for Name: inventory_changes; Type: TABLE DATA; Schema: public; Owner: postgres
--



--
-- Data for Name: newsletter_subscribers; Type: TABLE DATA; Schema: public; Owner: postgres
--



--
-- Data for Name: notifications; Type: TABLE DATA; Schema: public; Owner: postgres
--



--
-- Data for Name: order_items; Type: TABLE DATA; Schema: public; Owner: postgres
--



--
-- Data for Name: product_images; Type: TABLE DATA; Schema: public; Owner: postgres
--

INSERT INTO "public"."product_images" ("id", "product_id", "image_url", "image_order", "is_primary", "variant_type", "color", "size", "created_at", "updated_at", "is_thumbnail") VALUES
	(167, '103b8eaf-4ef5-44a1-9c9e-f49c8367f220', 'https://nsmrxwnrtsllxvplazmm.supabase.co/storage/v1/object/public/product-images/products/103b8eaf-4ef5-44a1-9c9e-f49c8367f220/1756754780083_0svb4qyfoy8e.jpg', 0, true, 'product', NULL, NULL, '2025-09-01 19:26:54.031015+00', '2025-09-01 19:26:54.031015+00', true),
	(168, '103b8eaf-4ef5-44a1-9c9e-f49c8367f220', 'https://nsmrxwnrtsllxvplazmm.supabase.co/storage/v1/object/public/product-images/products/103b8eaf-4ef5-44a1-9c9e-f49c8367f220/1756754777994_c6clbvivc4s.jpg', 1, false, 'product', NULL, NULL, '2025-09-01 19:26:54.128048+00', '2025-09-01 19:26:54.128048+00', false),
	(169, '103b8eaf-4ef5-44a1-9c9e-f49c8367f220', 'https://nsmrxwnrtsllxvplazmm.supabase.co/storage/v1/object/public/product-images/products/103b8eaf-4ef5-44a1-9c9e-f49c8367f220/1756754780541_23sj0jt5femj.jpg', 2, false, 'product', NULL, NULL, '2025-09-01 19:26:54.209932+00', '2025-09-01 19:26:54.209932+00', false),
	(170, '103b8eaf-4ef5-44a1-9c9e-f49c8367f220', 'https://nsmrxwnrtsllxvplazmm.supabase.co/storage/v1/object/public/product-images/products/103b8eaf-4ef5-44a1-9c9e-f49c8367f220/1756754779045_hitv7hpaznm.jpg', 3, false, 'product', NULL, NULL, '2025-09-01 19:26:54.312129+00', '2025-09-01 19:26:54.312129+00', false),
	(171, '103b8eaf-4ef5-44a1-9c9e-f49c8367f220', 'https://nsmrxwnrtsllxvplazmm.supabase.co/storage/v1/object/public/product-images/products/103b8eaf-4ef5-44a1-9c9e-f49c8367f220/1756754779539_jsic2ffm6xc.jpg', 4, false, 'product', NULL, NULL, '2025-09-01 19:26:54.403046+00', '2025-09-01 19:26:54.403046+00', false),
	(172, '103b8eaf-4ef5-44a1-9c9e-f49c8367f220', 'https://nsmrxwnrtsllxvplazmm.supabase.co/storage/v1/object/public/product-images/products/103b8eaf-4ef5-44a1-9c9e-f49c8367f220/1756754778588_x2er1pqnwsp.jpg', 5, false, 'product', NULL, NULL, '2025-09-01 19:26:54.502094+00', '2025-09-01 19:26:54.502094+00', false),
	(378, '5889188a-e6c9-4161-96fa-c370a2a3c89b', 'https://nsmrxwnrtsllxvplazmm.supabase.co/storage/v1/object/public/product-images/products/5889188a-e6c9-4161-96fa-c370a2a3c89b/1756758592385_y1z51qz2x2.jpg', 31, false, 'color', 'Indigo Blue', NULL, '2025-09-01 20:30:00.071508+00', '2025-09-01 20:30:00.071508+00', false),
	(178, '48341979-9106-4d56-b71a-732c41f7aa6e', 'https://nsmrxwnrtsllxvplazmm.supabase.co/storage/v1/object/public/product-images/products/48341979-9106-4d56-b71a-732c41f7aa6e/1756755011605_9cjhdnowa0l.jpg', 1, false, 'color', 'White', NULL, '2025-09-01 19:30:18.956634+00', '2025-09-01 19:30:18.956634+00', false),
	(179, '48341979-9106-4d56-b71a-732c41f7aa6e', 'https://nsmrxwnrtsllxvplazmm.supabase.co/storage/v1/object/public/product-images/products/48341979-9106-4d56-b71a-732c41f7aa6e/1756755012035_hdan68g0m85.jpg', 2, false, 'color', 'White', NULL, '2025-09-01 19:30:19.029781+00', '2025-09-01 19:30:19.029781+00', false),
	(180, '48341979-9106-4d56-b71a-732c41f7aa6e', 'https://nsmrxwnrtsllxvplazmm.supabase.co/storage/v1/object/public/product-images/products/48341979-9106-4d56-b71a-732c41f7aa6e/1756755011144_bxu252i2cov.jpg', 3, false, 'color', 'White', NULL, '2025-09-01 19:30:19.101389+00', '2025-09-01 19:30:19.101389+00', false),
	(177, '48341979-9106-4d56-b71a-732c41f7aa6e', 'https://nsmrxwnrtsllxvplazmm.supabase.co/storage/v1/object/public/product-images/products/48341979-9106-4d56-b71a-732c41f7aa6e/1756755010699_hkszangh85h.jpg', 0, true, 'color', 'White', NULL, '2025-09-01 19:30:18.892396+00', '2025-09-01 19:30:18.892396+00', true),
	(173, '1c0a9021-d98a-4e0e-8069-4e2f362abbbb', 'https://nsmrxwnrtsllxvplazmm.supabase.co/storage/v1/object/public/product-images/products/1c0a9021-d98a-4e0e-8069-4e2f362abbbb/1756754911445_g2ryrvo9bi.jpg', 9, false, 'product', NULL, NULL, '2025-09-01 19:28:47.264414+00', '2025-09-01 19:28:47.264414+00', false),
	(174, '1c0a9021-d98a-4e0e-8069-4e2f362abbbb', 'https://nsmrxwnrtsllxvplazmm.supabase.co/storage/v1/object/public/product-images/products/1c0a9021-d98a-4e0e-8069-4e2f362abbbb/1756754912450_l0s51xs2lao.jpg', 10, false, 'product', NULL, NULL, '2025-09-01 19:28:47.340936+00', '2025-09-01 19:28:47.340936+00', false),
	(175, '1c0a9021-d98a-4e0e-8069-4e2f362abbbb', 'https://nsmrxwnrtsllxvplazmm.supabase.co/storage/v1/object/public/product-images/products/1c0a9021-d98a-4e0e-8069-4e2f362abbbb/1756754912874_wtx1hkhmfk.jpg', 11, false, 'product', NULL, NULL, '2025-09-01 19:28:47.405885+00', '2025-09-01 19:28:47.405885+00', false),
	(176, '1c0a9021-d98a-4e0e-8069-4e2f362abbbb', 'https://nsmrxwnrtsllxvplazmm.supabase.co/storage/v1/object/public/product-images/products/1c0a9021-d98a-4e0e-8069-4e2f362abbbb/1756754911980_qrt93tud1or.jpg', 12, false, 'product', NULL, NULL, '2025-09-01 19:28:47.464551+00', '2025-09-01 19:28:47.464551+00', false),
	(373, '5889188a-e6c9-4161-96fa-c370a2a3c89b', 'https://nsmrxwnrtsllxvplazmm.supabase.co/storage/v1/object/public/product-images/products/5889188a-e6c9-4161-96fa-c370a2a3c89b/1756758589145_4ld16bwnb44.jpg', 25, false, 'color', 'Indigo Blue', NULL, '2025-09-01 20:29:59.509378+00', '2025-09-01 20:29:59.509378+00', false),
	(181, '1c0a9021-d98a-4e0e-8069-4e2f362abbbb', 'https://nsmrxwnrtsllxvplazmm.supabase.co/storage/v1/object/public/product-images/products/1c0a9021-d98a-4e0e-8069-4e2f362abbbb/1756756474852_fa8q01ax2t5.jpg', 0, true, 'product', NULL, NULL, '2025-09-01 19:56:00.791419+00', '2025-09-01 19:56:00.791419+00', true),
	(182, '1c0a9021-d98a-4e0e-8069-4e2f362abbbb', 'https://nsmrxwnrtsllxvplazmm.supabase.co/storage/v1/object/public/product-images/products/1c0a9021-d98a-4e0e-8069-4e2f362abbbb/1756756471377_rwv68dn17r.jpg', 1, false, 'product', NULL, NULL, '2025-09-01 19:56:00.879535+00', '2025-09-01 19:56:00.879535+00', false),
	(183, '1c0a9021-d98a-4e0e-8069-4e2f362abbbb', 'https://nsmrxwnrtsllxvplazmm.supabase.co/storage/v1/object/public/product-images/products/1c0a9021-d98a-4e0e-8069-4e2f362abbbb/1756756470544_pttl0fxirz.jpg', 2, false, 'product', NULL, NULL, '2025-09-01 19:56:00.984282+00', '2025-09-01 19:56:00.984282+00', false),
	(184, '1c0a9021-d98a-4e0e-8069-4e2f362abbbb', 'https://nsmrxwnrtsllxvplazmm.supabase.co/storage/v1/object/public/product-images/products/1c0a9021-d98a-4e0e-8069-4e2f362abbbb/1756756468765_huneyptoaqg.jpg', 3, false, 'product', NULL, NULL, '2025-09-01 19:56:01.090396+00', '2025-09-01 19:56:01.090396+00', false),
	(185, '1c0a9021-d98a-4e0e-8069-4e2f362abbbb', 'https://nsmrxwnrtsllxvplazmm.supabase.co/storage/v1/object/public/product-images/products/1c0a9021-d98a-4e0e-8069-4e2f362abbbb/1756756475792_ycfnyyiyg7l.jpg', 4, false, 'product', NULL, NULL, '2025-09-01 19:56:01.168573+00', '2025-09-01 19:56:01.168573+00', false),
	(186, '1c0a9021-d98a-4e0e-8069-4e2f362abbbb', 'https://nsmrxwnrtsllxvplazmm.supabase.co/storage/v1/object/public/product-images/products/1c0a9021-d98a-4e0e-8069-4e2f362abbbb/1756756472155_p2oopp17o7.jpg', 5, false, 'product', NULL, NULL, '2025-09-01 19:56:01.246867+00', '2025-09-01 19:56:01.246867+00', false),
	(190, '0274bc92-4d93-47a2-a613-6fc2182de5c8', 'https://nsmrxwnrtsllxvplazmm.supabase.co/storage/v1/object/public/product-images/products/0274bc92-4d93-47a2-a613-6fc2182de5c8/1756756620298_7k2k46vfe3e.jpg', 0, true, 'product', NULL, NULL, '2025-09-01 19:57:39.336934+00', '2025-09-01 19:57:39.336934+00', true),
	(191, '0274bc92-4d93-47a2-a613-6fc2182de5c8', 'https://nsmrxwnrtsllxvplazmm.supabase.co/storage/v1/object/public/product-images/products/0274bc92-4d93-47a2-a613-6fc2182de5c8/1756756619519_hplhkukqaps.jpg', 1, false, 'product', NULL, NULL, '2025-09-01 19:57:39.452502+00', '2025-09-01 19:57:39.452502+00', false),
	(192, '0274bc92-4d93-47a2-a613-6fc2182de5c8', 'https://nsmrxwnrtsllxvplazmm.supabase.co/storage/v1/object/public/product-images/products/0274bc92-4d93-47a2-a613-6fc2182de5c8/1756756622536_56jdbqzbecb.jpg', 2, false, 'product', NULL, NULL, '2025-09-01 19:57:39.582746+00', '2025-09-01 19:57:39.582746+00', false),
	(193, '0274bc92-4d93-47a2-a613-6fc2182de5c8', 'https://nsmrxwnrtsllxvplazmm.supabase.co/storage/v1/object/public/product-images/products/0274bc92-4d93-47a2-a613-6fc2182de5c8/1756756624891_4qz4e7utmwv.jpg', 3, false, 'product', NULL, NULL, '2025-09-01 19:57:39.688685+00', '2025-09-01 19:57:39.688685+00', false),
	(187, '1c0a9021-d98a-4e0e-8069-4e2f362abbbb', 'https://nsmrxwnrtsllxvplazmm.supabase.co/storage/v1/object/public/product-images/products/1c0a9021-d98a-4e0e-8069-4e2f362abbbb/1756756473072_z62humwkmnc.jpg', 6, false, 'product', NULL, NULL, '2025-09-01 19:56:01.333948+00', '2025-09-01 19:56:01.333948+00', false),
	(188, '1c0a9021-d98a-4e0e-8069-4e2f362abbbb', 'https://nsmrxwnrtsllxvplazmm.supabase.co/storage/v1/object/public/product-images/products/1c0a9021-d98a-4e0e-8069-4e2f362abbbb/1756756473954_g3xjitcatl.jpg', 7, false, 'product', NULL, NULL, '2025-09-01 19:56:01.420138+00', '2025-09-01 19:56:01.420138+00', false),
	(189, '1c0a9021-d98a-4e0e-8069-4e2f362abbbb', 'https://nsmrxwnrtsllxvplazmm.supabase.co/storage/v1/object/public/product-images/products/1c0a9021-d98a-4e0e-8069-4e2f362abbbb/1756756468317_ownl28axii.jpg', 8, false, 'product', NULL, NULL, '2025-09-01 19:56:01.513324+00', '2025-09-01 19:56:01.513324+00', false),
	(381, '5889188a-e6c9-4161-96fa-c370a2a3c89b', 'https://nsmrxwnrtsllxvplazmm.supabase.co/storage/v1/object/public/product-images/products/5889188a-e6c9-4161-96fa-c370a2a3c89b/1756759763443_qntw9i3axas.jpg', 36, true, 'color', 'Navy', NULL, '2025-09-01 20:50:29.251753+00', '2025-09-01 20:50:29.251753+00', true),
	(194, '0274bc92-4d93-47a2-a613-6fc2182de5c8', 'https://nsmrxwnrtsllxvplazmm.supabase.co/storage/v1/object/public/product-images/products/0274bc92-4d93-47a2-a613-6fc2182de5c8/1756756621035_mk9ipweofw.jpg', 4, false, 'product', NULL, NULL, '2025-09-01 19:57:39.863631+00', '2025-09-01 19:57:39.863631+00', false),
	(195, '0274bc92-4d93-47a2-a613-6fc2182de5c8', 'https://nsmrxwnrtsllxvplazmm.supabase.co/storage/v1/object/public/product-images/products/0274bc92-4d93-47a2-a613-6fc2182de5c8/1756756624001_c8v258sw7n.jpg', 5, false, 'product', NULL, NULL, '2025-09-01 19:57:39.960194+00', '2025-09-01 19:57:39.960194+00', false),
	(196, '0274bc92-4d93-47a2-a613-6fc2182de5c8', 'https://nsmrxwnrtsllxvplazmm.supabase.co/storage/v1/object/public/product-images/products/0274bc92-4d93-47a2-a613-6fc2182de5c8/1756756621804_6s44glpb4gm.jpg', 6, false, 'product', NULL, NULL, '2025-09-01 19:57:40.085713+00', '2025-09-01 19:57:40.085713+00', false),
	(197, '0274bc92-4d93-47a2-a613-6fc2182de5c8', 'https://nsmrxwnrtsllxvplazmm.supabase.co/storage/v1/object/public/product-images/products/0274bc92-4d93-47a2-a613-6fc2182de5c8/1756756623199_scs1a3e6jz9.jpg', 7, false, 'product', NULL, NULL, '2025-09-01 19:57:40.213166+00', '2025-09-01 19:57:40.213166+00', false),
	(198, '0274bc92-4d93-47a2-a613-6fc2182de5c8', 'https://nsmrxwnrtsllxvplazmm.supabase.co/storage/v1/object/public/product-images/products/0274bc92-4d93-47a2-a613-6fc2182de5c8/1756756618932_4g6j3y4tj8g.jpg', 8, false, 'product', NULL, NULL, '2025-09-01 19:57:40.3346+00', '2025-09-01 19:57:40.3346+00', false),
	(199, '2e7c2ccd-9b4e-413e-aac6-d2be53db9663', 'https://nsmrxwnrtsllxvplazmm.supabase.co/storage/v1/object/public/product-images/products/2e7c2ccd-9b4e-413e-aac6-d2be53db9663/1756756689887_tc227cxuic.jpg', 0, true, 'color', 'White', NULL, '2025-09-01 19:59:17.540508+00', '2025-09-01 19:59:17.540508+00', true),
	(200, '2e7c2ccd-9b4e-413e-aac6-d2be53db9663', 'https://nsmrxwnrtsllxvplazmm.supabase.co/storage/v1/object/public/product-images/products/2e7c2ccd-9b4e-413e-aac6-d2be53db9663/1756756692662_ad5e0sycfm.jpg', 1, false, 'color', 'White', NULL, '2025-09-01 19:59:17.684288+00', '2025-09-01 19:59:17.684288+00', false),
	(201, '2e7c2ccd-9b4e-413e-aac6-d2be53db9663', 'https://nsmrxwnrtsllxvplazmm.supabase.co/storage/v1/object/public/product-images/products/2e7c2ccd-9b4e-413e-aac6-d2be53db9663/1756756686187_eqv2ocxk6ji.jpg', 2, false, 'color', 'White', NULL, '2025-09-01 19:59:17.84714+00', '2025-09-01 19:59:17.84714+00', false),
	(202, '2e7c2ccd-9b4e-413e-aac6-d2be53db9663', 'https://nsmrxwnrtsllxvplazmm.supabase.co/storage/v1/object/public/product-images/products/2e7c2ccd-9b4e-413e-aac6-d2be53db9663/1756756691462_3xw0eidia5s.jpg', 3, false, 'color', 'White', NULL, '2025-09-01 19:59:17.964433+00', '2025-09-01 19:59:17.964433+00', false),
	(203, '2e7c2ccd-9b4e-413e-aac6-d2be53db9663', 'https://nsmrxwnrtsllxvplazmm.supabase.co/storage/v1/object/public/product-images/products/2e7c2ccd-9b4e-413e-aac6-d2be53db9663/1756756690421_9wzakf8wjy4.jpg', 4, false, 'color', 'White', NULL, '2025-09-01 19:59:18.068197+00', '2025-09-01 19:59:18.068197+00', false),
	(204, '2e7c2ccd-9b4e-413e-aac6-d2be53db9663', 'https://nsmrxwnrtsllxvplazmm.supabase.co/storage/v1/object/public/product-images/products/2e7c2ccd-9b4e-413e-aac6-d2be53db9663/1756756686949_ndj5zqxrvf.jpg', 5, false, 'color', 'White', NULL, '2025-09-01 19:59:18.183756+00', '2025-09-01 19:59:18.183756+00', false),
	(205, '2e7c2ccd-9b4e-413e-aac6-d2be53db9663', 'https://nsmrxwnrtsllxvplazmm.supabase.co/storage/v1/object/public/product-images/products/2e7c2ccd-9b4e-413e-aac6-d2be53db9663/1756756693228_x0j9pqxfkus.jpg', 6, false, 'color', 'White', NULL, '2025-09-01 19:59:18.279178+00', '2025-09-01 19:59:18.279178+00', false),
	(206, '2e7c2ccd-9b4e-413e-aac6-d2be53db9663', 'https://nsmrxwnrtsllxvplazmm.supabase.co/storage/v1/object/public/product-images/products/2e7c2ccd-9b4e-413e-aac6-d2be53db9663/1756756690930_63exy30wmn9.jpg', 7, false, 'color', 'White', NULL, '2025-09-01 19:59:18.401595+00', '2025-09-01 19:59:18.401595+00', false),
	(207, '2e7c2ccd-9b4e-413e-aac6-d2be53db9663', 'https://nsmrxwnrtsllxvplazmm.supabase.co/storage/v1/object/public/product-images/products/2e7c2ccd-9b4e-413e-aac6-d2be53db9663/1756756691972_cbchwzkhce.jpg', 8, false, 'color', 'White', NULL, '2025-09-01 19:59:18.513975+00', '2025-09-01 19:59:18.513975+00', false),
	(208, '2e7c2ccd-9b4e-413e-aac6-d2be53db9663', 'https://nsmrxwnrtsllxvplazmm.supabase.co/storage/v1/object/public/product-images/products/2e7c2ccd-9b4e-413e-aac6-d2be53db9663/1756756687600_qlgz4fe5t4l.jpg', 9, false, 'color', 'White', NULL, '2025-09-01 19:59:18.615714+00', '2025-09-01 19:59:18.615714+00', false),
	(211, '29b2e16a-39e8-4322-aaf1-0529b3973212', 'https://nsmrxwnrtsllxvplazmm.supabase.co/storage/v1/object/public/product-images/products/29b2e16a-39e8-4322-aaf1-0529b3973212/1756756813273_kalggsnwmr.jpg', 2, false, 'color', 'Black', NULL, '2025-09-01 20:00:44.389051+00', '2025-09-01 20:00:44.389051+00', false),
	(213, '29b2e16a-39e8-4322-aaf1-0529b3973212', 'https://nsmrxwnrtsllxvplazmm.supabase.co/storage/v1/object/public/product-images/products/29b2e16a-39e8-4322-aaf1-0529b3973212/1756756815720_6utb1ilpqcs.jpg', 4, false, 'color', 'Black', NULL, '2025-09-01 20:00:45.309331+00', '2025-09-01 20:00:45.309331+00', false),
	(215, '29b2e16a-39e8-4322-aaf1-0529b3973212', 'https://nsmrxwnrtsllxvplazmm.supabase.co/storage/v1/object/public/product-images/products/29b2e16a-39e8-4322-aaf1-0529b3973212/1756756812669_u2tnj428mqp.jpg', 6, false, 'color', 'Black', NULL, '2025-09-01 20:00:45.684706+00', '2025-09-01 20:00:45.684706+00', false),
	(219, '29b2e16a-39e8-4322-aaf1-0529b3973212', 'https://nsmrxwnrtsllxvplazmm.supabase.co/storage/v1/object/public/product-images/products/29b2e16a-39e8-4322-aaf1-0529b3973212/1756756816436_za8iz8gvk4c.jpg', 10, false, 'color', 'Black', NULL, '2025-09-01 20:00:46.10705+00', '2025-09-01 20:00:46.10705+00', false),
	(209, '29b2e16a-39e8-4322-aaf1-0529b3973212', 'https://nsmrxwnrtsllxvplazmm.supabase.co/storage/v1/object/public/product-images/products/29b2e16a-39e8-4322-aaf1-0529b3973212/1756756811868_pwp5sdk5u6.jpg', 0, true, 'color', 'Black', NULL, '2025-09-01 20:00:44.148848+00', '2025-09-01 20:00:44.148848+00', true),
	(210, '29b2e16a-39e8-4322-aaf1-0529b3973212', 'https://nsmrxwnrtsllxvplazmm.supabase.co/storage/v1/object/public/product-images/products/29b2e16a-39e8-4322-aaf1-0529b3973212/1756756811104_xsu8wexfiyl.jpg', 1, false, 'color', 'Black', NULL, '2025-09-01 20:00:44.283441+00', '2025-09-01 20:00:44.283441+00', false),
	(212, '29b2e16a-39e8-4322-aaf1-0529b3973212', 'https://nsmrxwnrtsllxvplazmm.supabase.co/storage/v1/object/public/product-images/products/29b2e16a-39e8-4322-aaf1-0529b3973212/1756756809833_j4bx8gtc0ns.jpg', 3, false, 'color', 'Black', NULL, '2025-09-01 20:00:44.817025+00', '2025-09-01 20:00:44.817025+00', false),
	(214, '29b2e16a-39e8-4322-aaf1-0529b3973212', 'https://nsmrxwnrtsllxvplazmm.supabase.co/storage/v1/object/public/product-images/products/29b2e16a-39e8-4322-aaf1-0529b3973212/1756756810388_mc1duuwn2h.jpg', 5, false, 'color', 'Black', NULL, '2025-09-01 20:00:45.576828+00', '2025-09-01 20:00:45.576828+00', false),
	(216, '29b2e16a-39e8-4322-aaf1-0529b3973212', 'https://nsmrxwnrtsllxvplazmm.supabase.co/storage/v1/object/public/product-images/products/29b2e16a-39e8-4322-aaf1-0529b3973212/1756756813774_opdlx0fo8u.jpg', 7, false, 'color', 'Black', NULL, '2025-09-01 20:00:45.815927+00', '2025-09-01 20:00:45.815927+00', false),
	(217, '29b2e16a-39e8-4322-aaf1-0529b3973212', 'https://nsmrxwnrtsllxvplazmm.supabase.co/storage/v1/object/public/product-images/products/29b2e16a-39e8-4322-aaf1-0529b3973212/1756756815101_wbd32n2rh9p.jpg', 8, false, 'color', 'Black', NULL, '2025-09-01 20:00:45.921164+00', '2025-09-01 20:00:45.921164+00', false),
	(220, '29b2e16a-39e8-4322-aaf1-0529b3973212', 'https://nsmrxwnrtsllxvplazmm.supabase.co/storage/v1/object/public/product-images/products/29b2e16a-39e8-4322-aaf1-0529b3973212/1756756876795_q7by9d89mjs.jpg', 11, true, 'color', 'Dark Grey', NULL, '2025-09-01 20:01:54.531704+00', '2025-09-01 20:01:54.531704+00', true),
	(218, '29b2e16a-39e8-4322-aaf1-0529b3973212', 'https://nsmrxwnrtsllxvplazmm.supabase.co/storage/v1/object/public/product-images/products/29b2e16a-39e8-4322-aaf1-0529b3973212/1756756814355_6mir7ngyzox.jpg', 9, false, 'color', 'Black', NULL, '2025-09-01 20:00:46.016331+00', '2025-09-01 20:00:46.016331+00', false),
	(221, '29b2e16a-39e8-4322-aaf1-0529b3973212', 'https://nsmrxwnrtsllxvplazmm.supabase.co/storage/v1/object/public/product-images/products/29b2e16a-39e8-4322-aaf1-0529b3973212/1756756876075_ktx3m4bil6p.jpg', 12, false, 'color', 'Dark Grey', NULL, '2025-09-01 20:01:54.615449+00', '2025-09-01 20:01:54.615449+00', false),
	(382, '5889188a-e6c9-4161-96fa-c370a2a3c89b', 'https://nsmrxwnrtsllxvplazmm.supabase.co/storage/v1/object/public/product-images/products/5889188a-e6c9-4161-96fa-c370a2a3c89b/1756759762809_uqtgqlpppwh.jpg', 37, false, 'color', 'Navy', NULL, '2025-09-01 20:50:29.319326+00', '2025-09-01 20:50:29.319326+00', false),
	(356, '5889188a-e6c9-4161-96fa-c370a2a3c89b', 'https://nsmrxwnrtsllxvplazmm.supabase.co/storage/v1/object/public/product-images/products/5889188a-e6c9-4161-96fa-c370a2a3c89b/1756758133006_hht9xmtmwj.jpg', 9, false, 'color', 'Black', NULL, '2025-09-01 20:22:18.438818+00', '2025-09-01 20:22:18.438818+00', false),
	(380, '5889188a-e6c9-4161-96fa-c370a2a3c89b', 'https://nsmrxwnrtsllxvplazmm.supabase.co/storage/v1/object/public/product-images/products/5889188a-e6c9-4161-96fa-c370a2a3c89b/1756758593817_vktx10rwzy.jpg', 18, false, 'color', 'Indigo Blue', NULL, '2025-09-01 20:30:00.327644+00', '2025-09-01 20:30:00.327644+00', false),
	(371, '5889188a-e6c9-4161-96fa-c370a2a3c89b', 'https://nsmrxwnrtsllxvplazmm.supabase.co/storage/v1/object/public/product-images/products/5889188a-e6c9-4161-96fa-c370a2a3c89b/1756758587478_mijag59dms.jpg', 21, false, 'color', 'Indigo Blue', NULL, '2025-09-01 20:29:59.287947+00', '2025-09-01 20:29:59.287947+00', false),
	(383, '5889188a-e6c9-4161-96fa-c370a2a3c89b', 'https://nsmrxwnrtsllxvplazmm.supabase.co/storage/v1/object/public/product-images/products/5889188a-e6c9-4161-96fa-c370a2a3c89b/1756759764720_4lz9h48k9do.jpg', 38, false, 'color', 'Navy', NULL, '2025-09-01 20:50:29.384894+00', '2025-09-01 20:50:29.384894+00', false),
	(392, '5889188a-e6c9-4161-96fa-c370a2a3c89b', 'https://nsmrxwnrtsllxvplazmm.supabase.co/storage/v1/object/public/product-images/products/5889188a-e6c9-4161-96fa-c370a2a3c89b/1756759764140_4zutgg49vkk.jpg', 47, false, 'color', 'Navy', NULL, '2025-09-01 20:50:30.102094+00', '2025-09-01 20:50:30.102094+00', false),
	(222, '29b2e16a-39e8-4322-aaf1-0529b3973212', 'https://nsmrxwnrtsllxvplazmm.supabase.co/storage/v1/object/public/product-images/products/29b2e16a-39e8-4322-aaf1-0529b3973212/1756756878793_eknzkhnp6j.jpg', 13, false, 'color', 'Dark Grey', NULL, '2025-09-01 20:01:54.6824+00', '2025-09-01 20:01:54.6824+00', false),
	(223, '29b2e16a-39e8-4322-aaf1-0529b3973212', 'https://nsmrxwnrtsllxvplazmm.supabase.co/storage/v1/object/public/product-images/products/29b2e16a-39e8-4322-aaf1-0529b3973212/1756756880427_suvucjcwp6.jpg', 14, false, 'color', 'Dark Grey', NULL, '2025-09-01 20:01:54.75314+00', '2025-09-01 20:01:54.75314+00', false),
	(224, '29b2e16a-39e8-4322-aaf1-0529b3973212', 'https://nsmrxwnrtsllxvplazmm.supabase.co/storage/v1/object/public/product-images/products/29b2e16a-39e8-4322-aaf1-0529b3973212/1756756874722_q6ld0fpunym.jpg', 15, false, 'color', 'Dark Grey', NULL, '2025-09-01 20:01:54.823774+00', '2025-09-01 20:01:54.823774+00', false),
	(225, '29b2e16a-39e8-4322-aaf1-0529b3973212', 'https://nsmrxwnrtsllxvplazmm.supabase.co/storage/v1/object/public/product-images/products/29b2e16a-39e8-4322-aaf1-0529b3973212/1756756875401_y5jag2qqp6.jpg', 16, false, 'color', 'Dark Grey', NULL, '2025-09-01 20:01:54.885682+00', '2025-09-01 20:01:54.885682+00', false),
	(226, '29b2e16a-39e8-4322-aaf1-0529b3973212', 'https://nsmrxwnrtsllxvplazmm.supabase.co/storage/v1/object/public/product-images/products/29b2e16a-39e8-4322-aaf1-0529b3973212/1756756877596_xnwknigf6k.jpg', 17, false, 'color', 'Dark Grey', NULL, '2025-09-01 20:01:54.992039+00', '2025-09-01 20:01:54.992039+00', false),
	(227, '29b2e16a-39e8-4322-aaf1-0529b3973212', 'https://nsmrxwnrtsllxvplazmm.supabase.co/storage/v1/object/public/product-images/products/29b2e16a-39e8-4322-aaf1-0529b3973212/1756756878218_esdb9ytwfn7.jpg', 18, false, 'color', 'Dark Grey', NULL, '2025-09-01 20:01:55.099989+00', '2025-09-01 20:01:55.099989+00', false),
	(228, '29b2e16a-39e8-4322-aaf1-0529b3973212', 'https://nsmrxwnrtsllxvplazmm.supabase.co/storage/v1/object/public/product-images/products/29b2e16a-39e8-4322-aaf1-0529b3973212/1756756879682_fkuh3btnx4h.jpg', 19, false, 'color', 'Dark Grey', NULL, '2025-09-01 20:01:55.190432+00', '2025-09-01 20:01:55.190432+00', false),
	(398, '5889188a-e6c9-4161-96fa-c370a2a3c89b', 'https://nsmrxwnrtsllxvplazmm.supabase.co/storage/v1/object/public/product-images/products/5889188a-e6c9-4161-96fa-c370a2a3c89b/1756759862099_buzba8s9sx5.jpg', 53, false, 'color', 'Red', NULL, '2025-09-01 20:51:54.84271+00', '2025-09-01 20:51:54.84271+00', false),
	(347, '5889188a-e6c9-4161-96fa-c370a2a3c89b', 'https://nsmrxwnrtsllxvplazmm.supabase.co/storage/v1/object/public/product-images/products/5889188a-e6c9-4161-96fa-c370a2a3c89b/1756758127116_yexyiy28x38.jpg', 1, false, 'color', 'Black', NULL, '2025-09-01 20:22:17.676662+00', '2025-09-01 20:22:17.676662+00', false),
	(229, '29b2e16a-39e8-4322-aaf1-0529b3973212', 'https://nsmrxwnrtsllxvplazmm.supabase.co/storage/v1/object/public/product-images/products/29b2e16a-39e8-4322-aaf1-0529b3973212/1756756879246_ie26iyuoj3.jpg', 20, false, 'color', 'Dark Grey', NULL, '2025-09-01 20:01:55.308177+00', '2025-09-01 20:01:55.308177+00', false),
	(348, '5889188a-e6c9-4161-96fa-c370a2a3c89b', 'https://nsmrxwnrtsllxvplazmm.supabase.co/storage/v1/object/public/product-images/products/5889188a-e6c9-4161-96fa-c370a2a3c89b/1756758127711_krgiu2po47e.jpg', 8, false, 'color', 'Black', NULL, '2025-09-01 20:22:17.780549+00', '2025-09-01 20:22:17.780549+00', false),
	(352, '5889188a-e6c9-4161-96fa-c370a2a3c89b', 'https://nsmrxwnrtsllxvplazmm.supabase.co/storage/v1/object/public/product-images/products/5889188a-e6c9-4161-96fa-c370a2a3c89b/1756758130179_ksr92876awh.jpg', 10, false, 'color', 'Black', NULL, '2025-09-01 20:22:18.136239+00', '2025-09-01 20:22:18.136239+00', false),
	(372, '5889188a-e6c9-4161-96fa-c370a2a3c89b', 'https://nsmrxwnrtsllxvplazmm.supabase.co/storage/v1/object/public/product-images/products/5889188a-e6c9-4161-96fa-c370a2a3c89b/1756758588439_kwaiq2cgilp.jpg', 13, true, 'color', 'Indigo Blue', NULL, '2025-09-01 20:29:59.401728+00', '2025-09-01 20:29:59.401728+00', true),
	(384, '5889188a-e6c9-4161-96fa-c370a2a3c89b', 'https://nsmrxwnrtsllxvplazmm.supabase.co/storage/v1/object/public/product-images/products/5889188a-e6c9-4161-96fa-c370a2a3c89b/1756759765493_7hy9i8258gw.jpg', 39, false, 'color', 'Navy', NULL, '2025-09-01 20:50:29.454097+00', '2025-09-01 20:50:29.454097+00', false),
	(399, '5889188a-e6c9-4161-96fa-c370a2a3c89b', 'https://nsmrxwnrtsllxvplazmm.supabase.co/storage/v1/object/public/product-images/products/5889188a-e6c9-4161-96fa-c370a2a3c89b/1756759855893_o1myp3brw4q.jpg', 54, false, 'color', 'Red', NULL, '2025-09-01 20:51:55.015691+00', '2025-09-01 20:51:55.015691+00', false),
	(258, '29b2e16a-39e8-4322-aaf1-0529b3973212', 'https://nsmrxwnrtsllxvplazmm.supabase.co/storage/v1/object/public/product-images/products/29b2e16a-39e8-4322-aaf1-0529b3973212/1756757063326_0uc0jtk9mq9.jpg', 49, false, 'color', 'Navy', NULL, '2025-09-01 20:04:58.134854+00', '2025-09-01 20:04:58.134854+00', false),
	(245, '29b2e16a-39e8-4322-aaf1-0529b3973212', 'https://nsmrxwnrtsllxvplazmm.supabase.co/storage/v1/object/public/product-images/products/29b2e16a-39e8-4322-aaf1-0529b3973212/1756757012285_eh20nsagext.jpg', 36, false, 'color', 'Light Blue', NULL, '2025-09-01 20:03:59.335641+00', '2025-09-01 20:03:59.335641+00', false),
	(230, '29b2e16a-39e8-4322-aaf1-0529b3973212', 'https://nsmrxwnrtsllxvplazmm.supabase.co/storage/v1/object/public/product-images/products/29b2e16a-39e8-4322-aaf1-0529b3973212/1756756874019_wacg27jz6f.jpg', 21, false, 'color', 'Dark Grey', NULL, '2025-09-01 20:01:55.40488+00', '2025-09-01 20:01:55.40488+00', false),
	(234, '29b2e16a-39e8-4322-aaf1-0529b3973212', 'https://nsmrxwnrtsllxvplazmm.supabase.co/storage/v1/object/public/product-images/products/29b2e16a-39e8-4322-aaf1-0529b3973212/1756756937909_3ej8y2l6qkg.jpg', 25, false, 'color', 'Khaki', NULL, '2025-09-01 20:02:49.640322+00', '2025-09-01 20:02:49.640322+00', false),
	(250, '29b2e16a-39e8-4322-aaf1-0529b3973212', 'https://nsmrxwnrtsllxvplazmm.supabase.co/storage/v1/object/public/product-images/products/29b2e16a-39e8-4322-aaf1-0529b3973212/1756757011751_k5h8wagb0a.jpg', 41, false, 'color', 'Light Blue', NULL, '2025-09-01 20:04:00.15241+00', '2025-09-01 20:04:00.15241+00', false),
	(251, '29b2e16a-39e8-4322-aaf1-0529b3973212', 'https://nsmrxwnrtsllxvplazmm.supabase.co/storage/v1/object/public/product-images/products/29b2e16a-39e8-4322-aaf1-0529b3973212/1756757011050_uxyfrdus0u.jpg', 42, false, 'color', 'Light Blue', NULL, '2025-09-01 20:04:00.227187+00', '2025-09-01 20:04:00.227187+00', false),
	(237, '29b2e16a-39e8-4322-aaf1-0529b3973212', 'https://nsmrxwnrtsllxvplazmm.supabase.co/storage/v1/object/public/product-images/products/29b2e16a-39e8-4322-aaf1-0529b3973212/1756756934730_4z71kj2cyhd.jpg', 28, false, 'color', 'Khaki', NULL, '2025-09-01 20:02:49.8481+00', '2025-09-01 20:02:49.8481+00', false),
	(231, '29b2e16a-39e8-4322-aaf1-0529b3973212', 'https://nsmrxwnrtsllxvplazmm.supabase.co/storage/v1/object/public/product-images/products/29b2e16a-39e8-4322-aaf1-0529b3973212/1756756933254_5zbwafuvl79.jpg', 22, true, 'color', 'Khaki', NULL, '2025-09-01 20:02:49.434231+00', '2025-09-01 20:02:49.434231+00', true),
	(246, '29b2e16a-39e8-4322-aaf1-0529b3973212', 'https://nsmrxwnrtsllxvplazmm.supabase.co/storage/v1/object/public/product-images/products/29b2e16a-39e8-4322-aaf1-0529b3973212/1756757005914_2edx7uobwmm.jpg', 37, false, 'color', 'Light Blue', NULL, '2025-09-01 20:03:59.48457+00', '2025-09-01 20:03:59.48457+00', false),
	(240, '29b2e16a-39e8-4322-aaf1-0529b3973212', 'https://nsmrxwnrtsllxvplazmm.supabase.co/storage/v1/object/public/product-images/products/29b2e16a-39e8-4322-aaf1-0529b3973212/1756756936509_5cy2zan0a6g.jpg', 31, false, 'color', 'Khaki', NULL, '2025-09-01 20:02:50.679187+00', '2025-09-01 20:02:50.679187+00', false),
	(385, '5889188a-e6c9-4161-96fa-c370a2a3c89b', 'https://nsmrxwnrtsllxvplazmm.supabase.co/storage/v1/object/public/product-images/products/5889188a-e6c9-4161-96fa-c370a2a3c89b/1756759766576_3i87npit4rp.jpg', 40, false, 'color', 'Navy', NULL, '2025-09-01 20:50:29.547653+00', '2025-09-01 20:50:29.547653+00', false),
	(256, '29b2e16a-39e8-4322-aaf1-0529b3973212', 'https://nsmrxwnrtsllxvplazmm.supabase.co/storage/v1/object/public/product-images/products/29b2e16a-39e8-4322-aaf1-0529b3973212/1756757068071_zbjlcho39of.jpg', 47, false, 'color', 'Navy', NULL, '2025-09-01 20:04:57.937953+00', '2025-09-01 20:04:57.937953+00', false),
	(238, '29b2e16a-39e8-4322-aaf1-0529b3973212', 'https://nsmrxwnrtsllxvplazmm.supabase.co/storage/v1/object/public/product-images/products/29b2e16a-39e8-4322-aaf1-0529b3973212/1756756935921_78umkqpx64i.jpg', 29, false, 'color', 'Khaki', NULL, '2025-09-01 20:02:49.936787+00', '2025-09-01 20:02:49.936787+00', false),
	(249, '29b2e16a-39e8-4322-aaf1-0529b3973212', 'https://nsmrxwnrtsllxvplazmm.supabase.co/storage/v1/object/public/product-images/products/29b2e16a-39e8-4322-aaf1-0529b3973212/1756757010444_6tydlijzosv.jpg', 40, false, 'color', 'Light Blue', NULL, '2025-09-01 20:04:00.010364+00', '2025-09-01 20:04:00.010364+00', false),
	(239, '29b2e16a-39e8-4322-aaf1-0529b3973212', 'https://nsmrxwnrtsllxvplazmm.supabase.co/storage/v1/object/public/product-images/products/29b2e16a-39e8-4322-aaf1-0529b3973212/1756756937339_lkai1flu7hg.jpg', 30, false, 'color', 'Khaki', NULL, '2025-09-01 20:02:50.22564+00', '2025-09-01 20:02:50.22564+00', false),
	(244, '29b2e16a-39e8-4322-aaf1-0529b3973212', 'https://nsmrxwnrtsllxvplazmm.supabase.co/storage/v1/object/public/product-images/products/29b2e16a-39e8-4322-aaf1-0529b3973212/1756757009879_5ifa61wc46r.jpg', 35, false, 'color', 'Light Blue', NULL, '2025-09-01 20:03:59.249639+00', '2025-09-01 20:03:59.249639+00', false),
	(255, '29b2e16a-39e8-4322-aaf1-0529b3973212', 'https://nsmrxwnrtsllxvplazmm.supabase.co/storage/v1/object/public/product-images/products/29b2e16a-39e8-4322-aaf1-0529b3973212/1756757066355_v4rt2c6u83.jpg', 46, false, 'color', 'Navy', NULL, '2025-09-01 20:04:57.860262+00', '2025-09-01 20:04:57.860262+00', false),
	(242, '29b2e16a-39e8-4322-aaf1-0529b3973212', 'https://nsmrxwnrtsllxvplazmm.supabase.co/storage/v1/object/public/product-images/products/29b2e16a-39e8-4322-aaf1-0529b3973212/1756757008163_a0dirugd1lo.jpg', 33, true, 'color', 'Light Blue', NULL, '2025-09-01 20:03:58.989478+00', '2025-09-01 20:03:58.989478+00', true),
	(252, '29b2e16a-39e8-4322-aaf1-0529b3973212', 'https://nsmrxwnrtsllxvplazmm.supabase.co/storage/v1/object/public/product-images/products/29b2e16a-39e8-4322-aaf1-0529b3973212/1756757006554_lhubou87v0c.jpg', 43, false, 'color', 'Light Blue', NULL, '2025-09-01 20:04:00.305212+00', '2025-09-01 20:04:00.305212+00', false),
	(233, '29b2e16a-39e8-4322-aaf1-0529b3973212', 'https://nsmrxwnrtsllxvplazmm.supabase.co/storage/v1/object/public/product-images/products/29b2e16a-39e8-4322-aaf1-0529b3973212/1756756935313_9litqplclo.jpg', 24, false, 'color', 'Khaki', NULL, '2025-09-01 20:02:49.569689+00', '2025-09-01 20:02:49.569689+00', false),
	(254, '29b2e16a-39e8-4322-aaf1-0529b3973212', 'https://nsmrxwnrtsllxvplazmm.supabase.co/storage/v1/object/public/product-images/products/29b2e16a-39e8-4322-aaf1-0529b3973212/1756757063986_0k4q1a4sfi67.jpg', 45, false, 'color', 'Navy', NULL, '2025-09-01 20:04:57.784269+00', '2025-09-01 20:04:57.784269+00', false),
	(232, '29b2e16a-39e8-4322-aaf1-0529b3973212', 'https://nsmrxwnrtsllxvplazmm.supabase.co/storage/v1/object/public/product-images/products/29b2e16a-39e8-4322-aaf1-0529b3973212/1756756932725_815p9lble.jpg', 23, false, 'color', 'Khaki', NULL, '2025-09-01 20:02:49.503968+00', '2025-09-01 20:02:49.503968+00', false),
	(257, '29b2e16a-39e8-4322-aaf1-0529b3973212', 'https://nsmrxwnrtsllxvplazmm.supabase.co/storage/v1/object/public/product-images/products/29b2e16a-39e8-4322-aaf1-0529b3973212/1756757062088_27csadt1jbx.jpg', 48, false, 'color', 'Navy', NULL, '2025-09-01 20:04:58.059524+00', '2025-09-01 20:04:58.059524+00', false),
	(247, '29b2e16a-39e8-4322-aaf1-0529b3973212', 'https://nsmrxwnrtsllxvplazmm.supabase.co/storage/v1/object/public/product-images/products/29b2e16a-39e8-4322-aaf1-0529b3973212/1756757007140_m0nzlmitsw9.jpg', 38, false, 'color', 'Light Blue', NULL, '2025-09-01 20:03:59.692+00', '2025-09-01 20:03:59.692+00', false),
	(253, '29b2e16a-39e8-4322-aaf1-0529b3973212', 'https://nsmrxwnrtsllxvplazmm.supabase.co/storage/v1/object/public/product-images/products/29b2e16a-39e8-4322-aaf1-0529b3973212/1756757064448_z5zkcwfynfm.jpg', 44, true, 'color', 'Navy', NULL, '2025-09-01 20:04:57.689995+00', '2025-09-01 20:04:57.689995+00', true),
	(235, '29b2e16a-39e8-4322-aaf1-0529b3973212', 'https://nsmrxwnrtsllxvplazmm.supabase.co/storage/v1/object/public/product-images/products/29b2e16a-39e8-4322-aaf1-0529b3973212/1756756932077_sppxm1mwoim.jpg', 26, false, 'color', 'Khaki', NULL, '2025-09-01 20:02:49.698202+00', '2025-09-01 20:02:49.698202+00', false),
	(236, '29b2e16a-39e8-4322-aaf1-0529b3973212', 'https://nsmrxwnrtsllxvplazmm.supabase.co/storage/v1/object/public/product-images/products/29b2e16a-39e8-4322-aaf1-0529b3973212/1756756934165_okt2j902qr.jpg', 27, false, 'color', 'Khaki', NULL, '2025-09-01 20:02:49.767927+00', '2025-09-01 20:02:49.767927+00', false),
	(243, '29b2e16a-39e8-4322-aaf1-0529b3973212', 'https://nsmrxwnrtsllxvplazmm.supabase.co/storage/v1/object/public/product-images/products/29b2e16a-39e8-4322-aaf1-0529b3973212/1756757007710_2toy0tmjdd2.jpg', 34, false, 'color', 'Light Blue', NULL, '2025-09-01 20:03:59.125166+00', '2025-09-01 20:03:59.125166+00', false),
	(241, '29b2e16a-39e8-4322-aaf1-0529b3973212', 'https://nsmrxwnrtsllxvplazmm.supabase.co/storage/v1/object/public/product-images/products/29b2e16a-39e8-4322-aaf1-0529b3973212/1756756930873_xhfywrz7kgj.jpg', 32, false, 'color', 'Khaki', NULL, '2025-09-01 20:02:50.777933+00', '2025-09-01 20:02:50.777933+00', false),
	(260, '29b2e16a-39e8-4322-aaf1-0529b3973212', 'https://nsmrxwnrtsllxvplazmm.supabase.co/storage/v1/object/public/product-images/products/29b2e16a-39e8-4322-aaf1-0529b3973212/1756757065720_30p9rgua965.jpg', 51, false, 'color', 'Navy', NULL, '2025-09-01 20:04:58.336586+00', '2025-09-01 20:04:58.336586+00', false),
	(261, '29b2e16a-39e8-4322-aaf1-0529b3973212', 'https://nsmrxwnrtsllxvplazmm.supabase.co/storage/v1/object/public/product-images/products/29b2e16a-39e8-4322-aaf1-0529b3973212/1756757067603_2f612k8tnj2.jpg', 52, false, 'color', 'Navy', NULL, '2025-09-01 20:04:58.407221+00', '2025-09-01 20:04:58.407221+00', false),
	(346, '5889188a-e6c9-4161-96fa-c370a2a3c89b', 'https://nsmrxwnrtsllxvplazmm.supabase.co/storage/v1/object/public/product-images/products/5889188a-e6c9-4161-96fa-c370a2a3c89b/1756758126525_vq6inpm7op.jpg', 0, true, 'color', 'Black', NULL, '2025-09-01 20:22:17.605787+00', '2025-09-01 20:22:17.605787+00', true),
	(350, '5889188a-e6c9-4161-96fa-c370a2a3c89b', 'https://nsmrxwnrtsllxvplazmm.supabase.co/storage/v1/object/public/product-images/products/5889188a-e6c9-4161-96fa-c370a2a3c89b/1756758128790_txf3jz811v.jpg', 2, false, 'color', 'Black', NULL, '2025-09-01 20:22:17.973824+00', '2025-09-01 20:22:17.973824+00', false),
	(374, '5889188a-e6c9-4161-96fa-c370a2a3c89b', 'https://nsmrxwnrtsllxvplazmm.supabase.co/storage/v1/object/public/product-images/products/5889188a-e6c9-4161-96fa-c370a2a3c89b/1756758589774_ojcnou9lwa7.jpg', 14, false, 'color', 'Indigo Blue', NULL, '2025-09-01 20:29:59.615854+00', '2025-09-01 20:29:59.615854+00', false),
	(386, '5889188a-e6c9-4161-96fa-c370a2a3c89b', 'https://nsmrxwnrtsllxvplazmm.supabase.co/storage/v1/object/public/product-images/products/5889188a-e6c9-4161-96fa-c370a2a3c89b/1756759767289_99d3hkpil4j.jpg', 41, false, 'color', 'Navy', NULL, '2025-09-01 20:50:29.665567+00', '2025-09-01 20:50:29.665567+00', false),
	(400, '5889188a-e6c9-4161-96fa-c370a2a3c89b', 'https://nsmrxwnrtsllxvplazmm.supabase.co/storage/v1/object/public/product-images/products/5889188a-e6c9-4161-96fa-c370a2a3c89b/1756759856452_h6cpl9527g5.jpg', 55, false, 'color', 'Red', NULL, '2025-09-01 20:51:55.146142+00', '2025-09-01 20:51:55.146142+00', false),
	(259, '29b2e16a-39e8-4322-aaf1-0529b3973212', 'https://nsmrxwnrtsllxvplazmm.supabase.co/storage/v1/object/public/product-images/products/29b2e16a-39e8-4322-aaf1-0529b3973212/1756757065143_yc9jjj6eed.jpg', 50, false, 'color', 'Navy', NULL, '2025-09-01 20:04:58.228658+00', '2025-09-01 20:04:58.228658+00', false),
	(375, '5889188a-e6c9-4161-96fa-c370a2a3c89b', 'https://nsmrxwnrtsllxvplazmm.supabase.co/storage/v1/object/public/product-images/products/5889188a-e6c9-4161-96fa-c370a2a3c89b/1756758590479_hke6i34xa76.jpg', 32, false, 'color', 'Indigo Blue', NULL, '2025-09-01 20:29:59.745952+00', '2025-09-01 20:29:59.745952+00', false),
	(387, '5889188a-e6c9-4161-96fa-c370a2a3c89b', 'https://nsmrxwnrtsllxvplazmm.supabase.co/storage/v1/object/public/product-images/products/5889188a-e6c9-4161-96fa-c370a2a3c89b/1756759759751_b5bm1bn976p.jpg', 42, false, 'color', 'Navy', NULL, '2025-09-01 20:50:29.746177+00', '2025-09-01 20:50:29.746177+00', false),
	(401, '5889188a-e6c9-4161-96fa-c370a2a3c89b', 'https://nsmrxwnrtsllxvplazmm.supabase.co/storage/v1/object/public/product-images/products/5889188a-e6c9-4161-96fa-c370a2a3c89b/1756759858151_6cy6yjzdn1o.jpg', 56, false, 'color', 'Red', NULL, '2025-09-01 20:51:55.196903+00', '2025-09-01 20:51:55.196903+00', false),
	(262, '29b2e16a-39e8-4322-aaf1-0529b3973212', 'https://nsmrxwnrtsllxvplazmm.supabase.co/storage/v1/object/public/product-images/products/29b2e16a-39e8-4322-aaf1-0529b3973212/1756757067020_v7ffawa5lhe.jpg', 53, false, 'color', 'Navy', NULL, '2025-09-01 20:04:58.546622+00', '2025-09-01 20:04:58.546622+00', false),
	(351, '5889188a-e6c9-4161-96fa-c370a2a3c89b', 'https://nsmrxwnrtsllxvplazmm.supabase.co/storage/v1/object/public/product-images/products/5889188a-e6c9-4161-96fa-c370a2a3c89b/1756758129540_wchg3ma2tfh.jpg', 3, false, 'color', 'Black', NULL, '2025-09-01 20:22:18.068035+00', '2025-09-01 20:22:18.068035+00', false),
	(281, '29b2e16a-39e8-4322-aaf1-0529b3973212', 'https://nsmrxwnrtsllxvplazmm.supabase.co/storage/v1/object/public/product-images/products/29b2e16a-39e8-4322-aaf1-0529b3973212/1756757199363_1t85nbgpo68.jpg', 72, false, 'color', 'Stone', NULL, '2025-09-01 20:07:10.945317+00', '2025-09-01 20:07:10.945317+00', false),
	(263, '29b2e16a-39e8-4322-aaf1-0529b3973212', 'https://nsmrxwnrtsllxvplazmm.supabase.co/storage/v1/object/public/product-images/products/29b2e16a-39e8-4322-aaf1-0529b3973212/1756757062745_p5yrdm5wpnj.jpg', 54, false, 'color', 'Navy', NULL, '2025-09-01 20:04:58.676806+00', '2025-09-01 20:04:58.676806+00', false),
	(283, '29b2e16a-39e8-4322-aaf1-0529b3973212', 'https://nsmrxwnrtsllxvplazmm.supabase.co/storage/v1/object/public/product-images/products/29b2e16a-39e8-4322-aaf1-0529b3973212/1756757201850_sd8vuwne99.jpg', 74, false, 'color', 'Stone', NULL, '2025-09-01 20:07:11.060159+00', '2025-09-01 20:07:11.060159+00', false),
	(285, '29b2e16a-39e8-4322-aaf1-0529b3973212', 'https://nsmrxwnrtsllxvplazmm.supabase.co/storage/v1/object/public/product-images/products/29b2e16a-39e8-4322-aaf1-0529b3973212/1756757196399_967fconnki.jpg', 76, false, 'color', 'Stone', NULL, '2025-09-01 20:07:11.211951+00', '2025-09-01 20:07:11.211951+00', false),
	(265, '29b2e16a-39e8-4322-aaf1-0529b3973212', 'https://nsmrxwnrtsllxvplazmm.supabase.co/storage/v1/object/public/product-images/products/29b2e16a-39e8-4322-aaf1-0529b3973212/1756757112883_k7n76q4k8a9.jpg', 56, false, 'color', 'Pink', NULL, '2025-09-01 20:06:13.512787+00', '2025-09-01 20:06:13.512787+00', false),
	(266, '29b2e16a-39e8-4322-aaf1-0529b3973212', 'https://nsmrxwnrtsllxvplazmm.supabase.co/storage/v1/object/public/product-images/products/29b2e16a-39e8-4322-aaf1-0529b3973212/1756757115138_ey72pkus1jb.jpg', 57, false, 'color', 'Pink', NULL, '2025-09-01 20:06:13.590277+00', '2025-09-01 20:06:13.590277+00', false),
	(277, '29b2e16a-39e8-4322-aaf1-0529b3973212', 'https://nsmrxwnrtsllxvplazmm.supabase.co/storage/v1/object/public/product-images/products/29b2e16a-39e8-4322-aaf1-0529b3973212/1756757200489_a44aw5js15i.jpg', 68, false, 'color', 'Stone', NULL, '2025-09-01 20:07:10.60646+00', '2025-09-01 20:07:10.60646+00', false),
	(267, '29b2e16a-39e8-4322-aaf1-0529b3973212', 'https://nsmrxwnrtsllxvplazmm.supabase.co/storage/v1/object/public/product-images/products/29b2e16a-39e8-4322-aaf1-0529b3973212/1756757116629_wghywimo55h.jpg', 58, false, 'color', 'Pink', NULL, '2025-09-01 20:06:13.679917+00', '2025-09-01 20:06:13.679917+00', false),
	(248, '29b2e16a-39e8-4322-aaf1-0529b3973212', 'https://nsmrxwnrtsllxvplazmm.supabase.co/storage/v1/object/public/product-images/products/29b2e16a-39e8-4322-aaf1-0529b3973212/1756757008910_klelj1cu5tg.jpg', 39, false, 'color', 'Light Blue', NULL, '2025-09-01 20:03:59.845773+00', '2025-09-01 20:03:59.845773+00', false),
	(269, '29b2e16a-39e8-4322-aaf1-0529b3973212', 'https://nsmrxwnrtsllxvplazmm.supabase.co/storage/v1/object/public/product-images/products/29b2e16a-39e8-4322-aaf1-0529b3973212/1756757112351_spynrgqw9dm.jpg', 60, false, 'color', 'Pink', NULL, '2025-09-01 20:06:13.821407+00', '2025-09-01 20:06:13.821407+00', false),
	(278, '29b2e16a-39e8-4322-aaf1-0529b3973212', 'https://nsmrxwnrtsllxvplazmm.supabase.co/storage/v1/object/public/product-images/products/29b2e16a-39e8-4322-aaf1-0529b3973212/1756757202519_6vvr3jgeaqc.jpg', 69, false, 'color', 'Stone', NULL, '2025-09-01 20:07:10.726254+00', '2025-09-01 20:07:10.726254+00', false),
	(286, '29b2e16a-39e8-4322-aaf1-0529b3973212', 'https://nsmrxwnrtsllxvplazmm.supabase.co/storage/v1/object/public/product-images/products/29b2e16a-39e8-4322-aaf1-0529b3973212/1756757243825_0p5rl0nyn6q.jpg', 77, true, 'color', 'White', NULL, '2025-09-01 20:07:54.51464+00', '2025-09-01 20:07:54.51464+00', true),
	(282, '29b2e16a-39e8-4322-aaf1-0529b3973212', 'https://nsmrxwnrtsllxvplazmm.supabase.co/storage/v1/object/public/product-images/products/29b2e16a-39e8-4322-aaf1-0529b3973212/1756757199964_b22tfjimva.jpg', 73, false, 'color', 'Stone', NULL, '2025-09-01 20:07:11.007472+00', '2025-09-01 20:07:11.007472+00', false),
	(287, '29b2e16a-39e8-4322-aaf1-0529b3973212', 'https://nsmrxwnrtsllxvplazmm.supabase.co/storage/v1/object/public/product-images/products/29b2e16a-39e8-4322-aaf1-0529b3973212/1756757243317_plv6yjz0bhc.jpg', 78, false, 'color', 'White', NULL, '2025-09-01 20:07:54.634099+00', '2025-09-01 20:07:54.634099+00', false),
	(288, '29b2e16a-39e8-4322-aaf1-0529b3973212', 'https://nsmrxwnrtsllxvplazmm.supabase.co/storage/v1/object/public/product-images/products/29b2e16a-39e8-4322-aaf1-0529b3973212/1756757246118_48rss76wfv4.jpg', 79, false, 'color', 'White', NULL, '2025-09-01 20:07:54.747669+00', '2025-09-01 20:07:54.747669+00', false),
	(264, '29b2e16a-39e8-4322-aaf1-0529b3973212', 'https://nsmrxwnrtsllxvplazmm.supabase.co/storage/v1/object/public/product-images/products/29b2e16a-39e8-4322-aaf1-0529b3973212/1756757113330_xsm0omh05h.jpg', 55, true, 'color', 'Pink', NULL, '2025-09-01 20:06:13.424955+00', '2025-09-01 20:06:13.424955+00', true),
	(270, '29b2e16a-39e8-4322-aaf1-0529b3973212', 'https://nsmrxwnrtsllxvplazmm.supabase.co/storage/v1/object/public/product-images/products/29b2e16a-39e8-4322-aaf1-0529b3973212/1756757114212_5l9gyw68h3q.jpg', 61, false, 'color', 'Pink', NULL, '2025-09-01 20:06:13.966783+00', '2025-09-01 20:06:13.966783+00', false),
	(268, '29b2e16a-39e8-4322-aaf1-0529b3973212', 'https://nsmrxwnrtsllxvplazmm.supabase.co/storage/v1/object/public/product-images/products/29b2e16a-39e8-4322-aaf1-0529b3973212/1756757111742_5hlyz3yznsl.jpg', 59, false, 'color', 'Pink', NULL, '2025-09-01 20:06:13.744213+00', '2025-09-01 20:06:13.744213+00', false),
	(273, '29b2e16a-39e8-4322-aaf1-0529b3973212', 'https://nsmrxwnrtsllxvplazmm.supabase.co/storage/v1/object/public/product-images/products/29b2e16a-39e8-4322-aaf1-0529b3973212/1756757115579_uwfu0pewdsm.jpg', 64, false, 'color', 'Pink', NULL, '2025-09-01 20:06:14.280639+00', '2025-09-01 20:06:14.280639+00', false),
	(271, '29b2e16a-39e8-4322-aaf1-0529b3973212', 'https://nsmrxwnrtsllxvplazmm.supabase.co/storage/v1/object/public/product-images/products/29b2e16a-39e8-4322-aaf1-0529b3973212/1756757114712_0kh316ysw5o.jpg', 62, false, 'color', 'Pink', NULL, '2025-09-01 20:06:14.072905+00', '2025-09-01 20:06:14.072905+00', false),
	(272, '29b2e16a-39e8-4322-aaf1-0529b3973212', 'https://nsmrxwnrtsllxvplazmm.supabase.co/storage/v1/object/public/product-images/products/29b2e16a-39e8-4322-aaf1-0529b3973212/1756757116151_vykikp8mr6b.jpg', 63, false, 'color', 'Pink', NULL, '2025-09-01 20:06:14.198155+00', '2025-09-01 20:06:14.198155+00', false),
	(274, '29b2e16a-39e8-4322-aaf1-0529b3973212', 'https://nsmrxwnrtsllxvplazmm.supabase.co/storage/v1/object/public/product-images/products/29b2e16a-39e8-4322-aaf1-0529b3973212/1756757111186_mqehtc0kx1p.jpg', 65, false, 'color', 'Pink', NULL, '2025-09-01 20:06:14.351593+00', '2025-09-01 20:06:14.351593+00', false),
	(275, '29b2e16a-39e8-4322-aaf1-0529b3973212', 'https://nsmrxwnrtsllxvplazmm.supabase.co/storage/v1/object/public/product-images/products/29b2e16a-39e8-4322-aaf1-0529b3973212/1756757197544_mrzydgnsag.jpg', 66, true, 'color', 'Stone', NULL, '2025-09-01 20:07:10.427081+00', '2025-09-01 20:07:10.427081+00', true),
	(284, '29b2e16a-39e8-4322-aaf1-0529b3973212', 'https://nsmrxwnrtsllxvplazmm.supabase.co/storage/v1/object/public/product-images/products/29b2e16a-39e8-4322-aaf1-0529b3973212/1756757201228_aufhvbqg2rj.jpg', 75, false, 'color', 'Stone', NULL, '2025-09-01 20:07:11.121168+00', '2025-09-01 20:07:11.121168+00', false),
	(276, '29b2e16a-39e8-4322-aaf1-0529b3973212', 'https://nsmrxwnrtsllxvplazmm.supabase.co/storage/v1/object/public/product-images/products/29b2e16a-39e8-4322-aaf1-0529b3973212/1756757198845_a1ria5ims4v.jpg', 67, false, 'color', 'Stone', NULL, '2025-09-01 20:07:10.538638+00', '2025-09-01 20:07:10.538638+00', false),
	(279, '29b2e16a-39e8-4322-aaf1-0529b3973212', 'https://nsmrxwnrtsllxvplazmm.supabase.co/storage/v1/object/public/product-images/products/29b2e16a-39e8-4322-aaf1-0529b3973212/1756757196982_hi8xk5kzheh.jpg', 70, false, 'color', 'Stone', NULL, '2025-09-01 20:07:10.820827+00', '2025-09-01 20:07:10.820827+00', false),
	(280, '29b2e16a-39e8-4322-aaf1-0529b3973212', 'https://nsmrxwnrtsllxvplazmm.supabase.co/storage/v1/object/public/product-images/products/29b2e16a-39e8-4322-aaf1-0529b3973212/1756757198205_wfix0szzksd.jpg', 71, false, 'color', 'Stone', NULL, '2025-09-01 20:07:10.880801+00', '2025-09-01 20:07:10.880801+00', false),
	(289, '29b2e16a-39e8-4322-aaf1-0529b3973212', 'https://nsmrxwnrtsllxvplazmm.supabase.co/storage/v1/object/public/product-images/products/29b2e16a-39e8-4322-aaf1-0529b3973212/1756757247562_abi5qk5dit5.jpg', 80, false, 'color', 'White', NULL, '2025-09-01 20:07:54.880329+00', '2025-09-01 20:07:54.880329+00', false),
	(290, '29b2e16a-39e8-4322-aaf1-0529b3973212', 'https://nsmrxwnrtsllxvplazmm.supabase.co/storage/v1/object/public/product-images/products/29b2e16a-39e8-4322-aaf1-0529b3973212/1756757242076_sh5pqxxjze9.jpg', 81, false, 'color', 'White', NULL, '2025-09-01 20:07:54.964352+00', '2025-09-01 20:07:54.964352+00', false),
	(291, '29b2e16a-39e8-4322-aaf1-0529b3973212', 'https://nsmrxwnrtsllxvplazmm.supabase.co/storage/v1/object/public/product-images/products/29b2e16a-39e8-4322-aaf1-0529b3973212/1756757244518_4p7wjuvhf2.jpg', 82, false, 'color', 'White', NULL, '2025-09-01 20:07:55.023408+00', '2025-09-01 20:07:55.023408+00', false),
	(377, '5889188a-e6c9-4161-96fa-c370a2a3c89b', 'https://nsmrxwnrtsllxvplazmm.supabase.co/storage/v1/object/public/product-images/products/5889188a-e6c9-4161-96fa-c370a2a3c89b/1756758591770_ysx018sb7tg.jpg', 16, false, 'color', 'Indigo Blue', NULL, '2025-09-01 20:29:59.96139+00', '2025-09-01 20:29:59.96139+00', false),
	(389, '5889188a-e6c9-4161-96fa-c370a2a3c89b', 'https://nsmrxwnrtsllxvplazmm.supabase.co/storage/v1/object/public/product-images/products/5889188a-e6c9-4161-96fa-c370a2a3c89b/1756759762149_3ipgm4d6khk.jpg', 44, false, 'color', 'Navy', NULL, '2025-09-01 20:50:29.892793+00', '2025-09-01 20:50:29.892793+00', false),
	(353, '5889188a-e6c9-4161-96fa-c370a2a3c89b', 'https://nsmrxwnrtsllxvplazmm.supabase.co/storage/v1/object/public/product-images/products/5889188a-e6c9-4161-96fa-c370a2a3c89b/1756758130672_rvvoa2jdmd.jpg', 4, false, 'color', 'Black', NULL, '2025-09-01 20:22:18.197753+00', '2025-09-01 20:22:18.197753+00', false),
	(292, '29b2e16a-39e8-4322-aaf1-0529b3973212', 'https://nsmrxwnrtsllxvplazmm.supabase.co/storage/v1/object/public/product-images/products/29b2e16a-39e8-4322-aaf1-0529b3973212/1756757245038_2ntcnivck2w.jpg', 83, false, 'color', 'White', NULL, '2025-09-01 20:07:55.0908+00', '2025-09-01 20:07:55.0908+00', false),
	(293, '29b2e16a-39e8-4322-aaf1-0529b3973212', 'https://nsmrxwnrtsllxvplazmm.supabase.co/storage/v1/object/public/product-images/products/29b2e16a-39e8-4322-aaf1-0529b3973212/1756757245615_eukwmx9cbfv.jpg', 84, false, 'color', 'White', NULL, '2025-09-01 20:07:55.154358+00', '2025-09-01 20:07:55.154358+00', false),
	(357, '5889188a-e6c9-4161-96fa-c370a2a3c89b', 'https://nsmrxwnrtsllxvplazmm.supabase.co/storage/v1/object/public/product-images/products/5889188a-e6c9-4161-96fa-c370a2a3c89b/1756758523047_xb1cv7zehzt.jpg', 12, true, 'color', 'Dark Heather', NULL, '2025-09-01 20:29:21.43879+00', '2025-09-01 20:29:21.43879+00', true),
	(379, '5889188a-e6c9-4161-96fa-c370a2a3c89b', 'https://nsmrxwnrtsllxvplazmm.supabase.co/storage/v1/object/public/product-images/products/5889188a-e6c9-4161-96fa-c370a2a3c89b/1756758592981_s4nbdez6ies.jpg', 17, false, 'color', 'Indigo Blue', NULL, '2025-09-01 20:30:00.18808+00', '2025-09-01 20:30:00.18808+00', false),
	(366, '5889188a-e6c9-4161-96fa-c370a2a3c89b', 'https://nsmrxwnrtsllxvplazmm.supabase.co/storage/v1/object/public/product-images/products/5889188a-e6c9-4161-96fa-c370a2a3c89b/1756758520022_njp5ve8dqd.jpg', 33, false, 'color', 'Dark Heather', NULL, '2025-09-01 20:29:22.457884+00', '2025-09-01 20:29:22.457884+00', false),
	(390, '5889188a-e6c9-4161-96fa-c370a2a3c89b', 'https://nsmrxwnrtsllxvplazmm.supabase.co/storage/v1/object/public/product-images/products/5889188a-e6c9-4161-96fa-c370a2a3c89b/1756759760660_zimhvlgfgq8.jpg', 45, false, 'color', 'Navy', NULL, '2025-09-01 20:50:29.957841+00', '2025-09-01 20:50:29.957841+00', false),
	(294, '29b2e16a-39e8-4322-aaf1-0529b3973212', 'https://nsmrxwnrtsllxvplazmm.supabase.co/storage/v1/object/public/product-images/products/29b2e16a-39e8-4322-aaf1-0529b3973212/1756757247065_pa4bd5npgx.jpg', 85, false, 'color', 'White', NULL, '2025-09-01 20:07:55.22478+00', '2025-09-01 20:07:55.22478+00', false),
	(345, '5889188a-e6c9-4161-96fa-c370a2a3c89b', 'https://nsmrxwnrtsllxvplazmm.supabase.co/storage/v1/object/public/product-images/products/5889188a-e6c9-4161-96fa-c370a2a3c89b/1756758125907_sqtp0ah737h.jpg', 5, false, 'color', 'Black', NULL, '2025-09-01 20:22:17.425173+00', '2025-09-01 20:22:17.425173+00', false),
	(358, '5889188a-e6c9-4161-96fa-c370a2a3c89b', 'https://nsmrxwnrtsllxvplazmm.supabase.co/storage/v1/object/public/product-images/products/5889188a-e6c9-4161-96fa-c370a2a3c89b/1756758521867_1au6uht2pxo.jpg', 19, false, 'color', 'Dark Heather', NULL, '2025-09-01 20:29:21.529593+00', '2025-09-01 20:29:21.529593+00', false),
	(367, '5889188a-e6c9-4161-96fa-c370a2a3c89b', 'https://nsmrxwnrtsllxvplazmm.supabase.co/storage/v1/object/public/product-images/products/5889188a-e6c9-4161-96fa-c370a2a3c89b/1756758525895_qdv63nom57h.jpg', 34, false, 'color', 'Dark Heather', NULL, '2025-09-01 20:29:22.571746+00', '2025-09-01 20:29:22.571746+00', false),
	(391, '5889188a-e6c9-4161-96fa-c370a2a3c89b', 'https://nsmrxwnrtsllxvplazmm.supabase.co/storage/v1/object/public/product-images/products/5889188a-e6c9-4161-96fa-c370a2a3c89b/1756759766068_esa7jovmrj.jpg', 46, false, 'color', 'Navy', NULL, '2025-09-01 20:50:30.029902+00', '2025-09-01 20:50:30.029902+00', false),
	(295, '29b2e16a-39e8-4322-aaf1-0529b3973212', 'https://nsmrxwnrtsllxvplazmm.supabase.co/storage/v1/object/public/product-images/products/29b2e16a-39e8-4322-aaf1-0529b3973212/1756757246529_tu74d6jrwjp.jpg', 86, false, 'color', 'White', NULL, '2025-09-01 20:07:55.302931+00', '2025-09-01 20:07:55.302931+00', false),
	(296, '29b2e16a-39e8-4322-aaf1-0529b3973212', 'https://nsmrxwnrtsllxvplazmm.supabase.co/storage/v1/object/public/product-images/products/29b2e16a-39e8-4322-aaf1-0529b3973212/1756757242642_ryzus0l9ij.jpg', 87, false, 'color', 'White', NULL, '2025-09-01 20:07:55.367024+00', '2025-09-01 20:07:55.367024+00', false),
	(301, '41412063-9f04-42ef-aafd-9800a47238ae', 'https://nsmrxwnrtsllxvplazmm.supabase.co/storage/v1/object/public/product-images/products/41412063-9f04-42ef-aafd-9800a47238ae/1756757415318_5thapgam207.jpg', 4, false, 'color', 'Light Blue', NULL, '2025-09-01 20:12:31.172166+00', '2025-09-01 20:12:31.172166+00', false),
	(310, '41412063-9f04-42ef-aafd-9800a47238ae', 'https://nsmrxwnrtsllxvplazmm.supabase.co/storage/v1/object/public/product-images/products/41412063-9f04-42ef-aafd-9800a47238ae/1756757723547_xl8dx727atn.jpg', 13, false, 'color', 'Light Pink', NULL, '2025-09-01 20:16:06.777568+00', '2025-09-01 20:16:06.777568+00', false),
	(311, '41412063-9f04-42ef-aafd-9800a47238ae', 'https://nsmrxwnrtsllxvplazmm.supabase.co/storage/v1/object/public/product-images/products/41412063-9f04-42ef-aafd-9800a47238ae/1756757725802_k0ccrxsjvz9.jpg', 14, false, 'color', 'Light Pink', NULL, '2025-09-01 20:16:06.881272+00', '2025-09-01 20:16:06.881272+00', false),
	(302, '41412063-9f04-42ef-aafd-9800a47238ae', 'https://nsmrxwnrtsllxvplazmm.supabase.co/storage/v1/object/public/product-images/products/41412063-9f04-42ef-aafd-9800a47238ae/1756757415926_ae3hh7v7hvq.jpg', 5, false, 'color', 'Light Blue', NULL, '2025-09-01 20:12:31.288113+00', '2025-09-01 20:12:31.288113+00', false),
	(303, '41412063-9f04-42ef-aafd-9800a47238ae', 'https://nsmrxwnrtsllxvplazmm.supabase.co/storage/v1/object/public/product-images/products/41412063-9f04-42ef-aafd-9800a47238ae/1756757409472_i7lvhbs2zo8.jpg', 6, false, 'color', 'Light Blue', NULL, '2025-09-01 20:12:31.392885+00', '2025-09-01 20:12:31.392885+00', false),
	(312, '41412063-9f04-42ef-aafd-9800a47238ae', 'https://nsmrxwnrtsllxvplazmm.supabase.co/storage/v1/object/public/product-images/products/41412063-9f04-42ef-aafd-9800a47238ae/1756757725192_311pfkizzn9.jpg', 15, false, 'color', 'Light Pink', NULL, '2025-09-01 20:16:06.950973+00', '2025-09-01 20:16:06.950973+00', false),
	(304, '41412063-9f04-42ef-aafd-9800a47238ae', 'https://nsmrxwnrtsllxvplazmm.supabase.co/storage/v1/object/public/product-images/products/41412063-9f04-42ef-aafd-9800a47238ae/1756757408719_smzd7euens.jpg', 7, false, 'color', 'Light Blue', NULL, '2025-09-01 20:12:31.516593+00', '2025-09-01 20:12:31.516593+00', false),
	(313, '41412063-9f04-42ef-aafd-9800a47238ae', 'https://nsmrxwnrtsllxvplazmm.supabase.co/storage/v1/object/public/product-images/products/41412063-9f04-42ef-aafd-9800a47238ae/1756757726873_asjnnozzxej.jpg', 16, false, 'color', 'Light Pink', NULL, '2025-09-01 20:16:07.051268+00', '2025-09-01 20:16:07.051268+00', false),
	(354, '5889188a-e6c9-4161-96fa-c370a2a3c89b', 'https://nsmrxwnrtsllxvplazmm.supabase.co/storage/v1/object/public/product-images/products/5889188a-e6c9-4161-96fa-c370a2a3c89b/1756758131186_alqrhrcx9u.jpg', 7, false, 'color', 'Black', NULL, '2025-09-01 20:22:18.262785+00', '2025-09-01 20:22:18.262785+00', false),
	(305, '41412063-9f04-42ef-aafd-9800a47238ae', 'https://nsmrxwnrtsllxvplazmm.supabase.co/storage/v1/object/public/product-images/products/41412063-9f04-42ef-aafd-9800a47238ae/1756757411709_1e1p3gcf5w7.jpg', 8, false, 'color', 'Light Blue', NULL, '2025-09-01 20:12:31.621372+00', '2025-09-01 20:12:31.621372+00', false),
	(306, '41412063-9f04-42ef-aafd-9800a47238ae', 'https://nsmrxwnrtsllxvplazmm.supabase.co/storage/v1/object/public/product-images/products/41412063-9f04-42ef-aafd-9800a47238ae/1756757408179_lx0zhs6kp1f.jpg', 9, false, 'color', 'Light Blue', NULL, '2025-09-01 20:12:31.71678+00', '2025-09-01 20:12:31.71678+00', false),
	(314, '41412063-9f04-42ef-aafd-9800a47238ae', 'https://nsmrxwnrtsllxvplazmm.supabase.co/storage/v1/object/public/product-images/products/41412063-9f04-42ef-aafd-9800a47238ae/1756757727468_c82nala627j.jpg', 17, false, 'color', 'Light Pink', NULL, '2025-09-01 20:16:07.188161+00', '2025-09-01 20:16:07.188161+00', false),
	(368, '5889188a-e6c9-4161-96fa-c370a2a3c89b', 'https://nsmrxwnrtsllxvplazmm.supabase.co/storage/v1/object/public/product-images/products/5889188a-e6c9-4161-96fa-c370a2a3c89b/1756758523596_rs6g5envlr.jpg', 35, false, 'color', 'Dark Heather', NULL, '2025-09-01 20:29:22.653534+00', '2025-09-01 20:29:22.653534+00', false),
	(297, '41412063-9f04-42ef-aafd-9800a47238ae', 'https://nsmrxwnrtsllxvplazmm.supabase.co/storage/v1/object/public/product-images/products/41412063-9f04-42ef-aafd-9800a47238ae/1756757411001_9s48qq4xz4m.jpg', 0, true, 'color', 'Light Blue', NULL, '2025-09-01 20:12:30.668377+00', '2025-09-01 20:12:30.668377+00', true),
	(298, '41412063-9f04-42ef-aafd-9800a47238ae', 'https://nsmrxwnrtsllxvplazmm.supabase.co/storage/v1/object/public/product-images/products/41412063-9f04-42ef-aafd-9800a47238ae/1756757410349_n4hvxvnivkb.jpg', 1, false, 'color', 'Light Blue', NULL, '2025-09-01 20:12:30.838348+00', '2025-09-01 20:12:30.838348+00', false),
	(307, '41412063-9f04-42ef-aafd-9800a47238ae', 'https://nsmrxwnrtsllxvplazmm.supabase.co/storage/v1/object/public/product-images/products/41412063-9f04-42ef-aafd-9800a47238ae/1756757414349_fg3rtxo58m8.jpg', 10, false, 'color', 'Light Blue', NULL, '2025-09-01 20:12:31.782848+00', '2025-09-01 20:12:31.782848+00', false),
	(309, '41412063-9f04-42ef-aafd-9800a47238ae', 'https://nsmrxwnrtsllxvplazmm.supabase.co/storage/v1/object/public/product-images/products/41412063-9f04-42ef-aafd-9800a47238ae/1756757722888_egly8vfkv95.jpg', 12, true, 'color', 'Light Pink', NULL, '2025-09-01 20:16:06.697493+00', '2025-09-01 20:16:06.697493+00', true),
	(308, '41412063-9f04-42ef-aafd-9800a47238ae', 'https://nsmrxwnrtsllxvplazmm.supabase.co/storage/v1/object/public/product-images/products/41412063-9f04-42ef-aafd-9800a47238ae/1756757412601_1xghaazlzqf.jpg', 11, false, 'color', 'Light Blue', NULL, '2025-09-01 20:12:31.853748+00', '2025-09-01 20:12:31.853748+00', false),
	(369, '5889188a-e6c9-4161-96fa-c370a2a3c89b', 'https://nsmrxwnrtsllxvplazmm.supabase.co/storage/v1/object/public/product-images/products/5889188a-e6c9-4161-96fa-c370a2a3c89b/1756758585864_99aej41ml0t.jpg', 27, false, 'color', 'Indigo Blue', NULL, '2025-09-01 20:29:59.0584+00', '2025-09-01 20:29:59.0584+00', false),
	(299, '41412063-9f04-42ef-aafd-9800a47238ae', 'https://nsmrxwnrtsllxvplazmm.supabase.co/storage/v1/object/public/product-images/products/41412063-9f04-42ef-aafd-9800a47238ae/1756757413043_6clgt4xnhwe.jpg', 2, false, 'color', 'Light Blue', NULL, '2025-09-01 20:12:30.938157+00', '2025-09-01 20:12:30.938157+00', false),
	(300, '41412063-9f04-42ef-aafd-9800a47238ae', 'https://nsmrxwnrtsllxvplazmm.supabase.co/storage/v1/object/public/product-images/products/41412063-9f04-42ef-aafd-9800a47238ae/1756757413814_erlzuihsxfi.jpg', 3, false, 'color', 'Light Blue', NULL, '2025-09-01 20:12:31.051716+00', '2025-09-01 20:12:31.051716+00', false),
	(355, '5889188a-e6c9-4161-96fa-c370a2a3c89b', 'https://nsmrxwnrtsllxvplazmm.supabase.co/storage/v1/object/public/product-images/products/5889188a-e6c9-4161-96fa-c370a2a3c89b/1756758132069_bvbei1yrv7p.jpg', 6, false, 'color', 'Black', NULL, '2025-09-01 20:22:18.338343+00', '2025-09-01 20:22:18.338343+00', false),
	(388, '5889188a-e6c9-4161-96fa-c370a2a3c89b', 'https://nsmrxwnrtsllxvplazmm.supabase.co/storage/v1/object/public/product-images/products/5889188a-e6c9-4161-96fa-c370a2a3c89b/1756759761377_v35l7jgi938.jpg', 43, false, 'color', 'Navy', NULL, '2025-09-01 20:50:29.833595+00', '2025-09-01 20:50:29.833595+00', false),
	(359, '5889188a-e6c9-4161-96fa-c370a2a3c89b', 'https://nsmrxwnrtsllxvplazmm.supabase.co/storage/v1/object/public/product-images/products/5889188a-e6c9-4161-96fa-c370a2a3c89b/1756758525126_i93quwknil8.jpg', 22, false, 'color', 'Dark Heather', NULL, '2025-09-01 20:29:21.633056+00', '2025-09-01 20:29:21.633056+00', false),
	(315, '41412063-9f04-42ef-aafd-9800a47238ae', 'https://nsmrxwnrtsllxvplazmm.supabase.co/storage/v1/object/public/product-images/products/41412063-9f04-42ef-aafd-9800a47238ae/1756757720989_m81ysai642c.jpg', 18, false, 'color', 'Light Pink', NULL, '2025-09-01 20:16:07.324877+00', '2025-09-01 20:16:07.324877+00', false),
	(316, '41412063-9f04-42ef-aafd-9800a47238ae', 'https://nsmrxwnrtsllxvplazmm.supabase.co/storage/v1/object/public/product-images/products/41412063-9f04-42ef-aafd-9800a47238ae/1756757722242_kllyjf5h1hm.jpg', 19, false, 'color', 'Light Pink', NULL, '2025-09-01 20:16:07.389772+00', '2025-09-01 20:16:07.389772+00', false),
	(317, '41412063-9f04-42ef-aafd-9800a47238ae', 'https://nsmrxwnrtsllxvplazmm.supabase.co/storage/v1/object/public/product-images/products/41412063-9f04-42ef-aafd-9800a47238ae/1756757724138_dis4qv125dq.jpg', 20, false, 'color', 'Light Pink', NULL, '2025-09-01 20:16:07.469971+00', '2025-09-01 20:16:07.469971+00', false),
	(349, '5889188a-e6c9-4161-96fa-c370a2a3c89b', 'https://nsmrxwnrtsllxvplazmm.supabase.co/storage/v1/object/public/product-images/products/5889188a-e6c9-4161-96fa-c370a2a3c89b/1756758128279_5814ancw2ei.jpg', 11, false, 'color', 'Black', NULL, '2025-09-01 20:22:17.865588+00', '2025-09-01 20:22:17.865588+00', false),
	(370, '5889188a-e6c9-4161-96fa-c370a2a3c89b', 'https://nsmrxwnrtsllxvplazmm.supabase.co/storage/v1/object/public/product-images/products/5889188a-e6c9-4161-96fa-c370a2a3c89b/1756758586740_37ipvw5jco7.jpg', 20, false, 'color', 'Indigo Blue', NULL, '2025-09-01 20:29:59.151605+00', '2025-09-01 20:29:59.151605+00', false),
	(360, '5889188a-e6c9-4161-96fa-c370a2a3c89b', 'https://nsmrxwnrtsllxvplazmm.supabase.co/storage/v1/object/public/product-images/products/5889188a-e6c9-4161-96fa-c370a2a3c89b/1756758524140_uftbn4oue.jpg', 23, false, 'color', 'Dark Heather', NULL, '2025-09-01 20:29:21.728562+00', '2025-09-01 20:29:21.728562+00', false),
	(318, '41412063-9f04-42ef-aafd-9800a47238ae', 'https://nsmrxwnrtsllxvplazmm.supabase.co/storage/v1/object/public/product-images/products/41412063-9f04-42ef-aafd-9800a47238ae/1756757721620_kt36tyegmo.jpg', 21, false, 'color', 'Light Pink', NULL, '2025-09-01 20:16:07.548018+00', '2025-09-01 20:16:07.548018+00', false),
	(376, '5889188a-e6c9-4161-96fa-c370a2a3c89b', 'https://nsmrxwnrtsllxvplazmm.supabase.co/storage/v1/object/public/product-images/products/5889188a-e6c9-4161-96fa-c370a2a3c89b/1756758591123_rqvm38ey5jb.jpg', 15, false, 'color', 'Indigo Blue', NULL, '2025-09-01 20:29:59.859997+00', '2025-09-01 20:29:59.859997+00', false),
	(361, '5889188a-e6c9-4161-96fa-c370a2a3c89b', 'https://nsmrxwnrtsllxvplazmm.supabase.co/storage/v1/object/public/product-images/products/5889188a-e6c9-4161-96fa-c370a2a3c89b/1756758526535_yvm6kdfrwdp.jpg', 24, false, 'color', 'Dark Heather', NULL, '2025-09-01 20:29:21.801846+00', '2025-09-01 20:29:21.801846+00', false),
	(393, '5889188a-e6c9-4161-96fa-c370a2a3c89b', 'https://nsmrxwnrtsllxvplazmm.supabase.co/storage/v1/object/public/product-images/products/5889188a-e6c9-4161-96fa-c370a2a3c89b/1756759857025_gocmmxrova8.jpg', 48, true, 'color', 'Red', NULL, '2025-09-01 20:51:54.47514+00', '2025-09-01 20:51:54.47514+00', true),
	(402, '5889188a-e6c9-4161-96fa-c370a2a3c89b', 'https://nsmrxwnrtsllxvplazmm.supabase.co/storage/v1/object/public/product-images/products/5889188a-e6c9-4161-96fa-c370a2a3c89b/1756759855221_x0583727da.jpg', 57, false, 'color', 'Red', NULL, '2025-09-01 20:51:55.256428+00', '2025-09-01 20:51:55.256428+00', false),
	(362, '5889188a-e6c9-4161-96fa-c370a2a3c89b', 'https://nsmrxwnrtsllxvplazmm.supabase.co/storage/v1/object/public/product-images/products/5889188a-e6c9-4161-96fa-c370a2a3c89b/1756758527261_8qrtxa2wcg.jpg', 26, false, 'color', 'Dark Heather', NULL, '2025-09-01 20:29:21.89353+00', '2025-09-01 20:29:21.89353+00', false),
	(394, '5889188a-e6c9-4161-96fa-c370a2a3c89b', 'https://nsmrxwnrtsllxvplazmm.supabase.co/storage/v1/object/public/product-images/products/5889188a-e6c9-4161-96fa-c370a2a3c89b/1756759857582_x7xu569ha3.jpg', 49, false, 'color', 'Red', NULL, '2025-09-01 20:51:54.541055+00', '2025-09-01 20:51:54.541055+00', false),
	(403, '5889188a-e6c9-4161-96fa-c370a2a3c89b', 'https://nsmrxwnrtsllxvplazmm.supabase.co/storage/v1/object/public/product-images/products/5889188a-e6c9-4161-96fa-c370a2a3c89b/1756759861055_815vqcsnr9c.jpg', 58, false, 'color', 'Red', NULL, '2025-09-01 20:51:55.307724+00', '2025-09-01 20:51:55.307724+00', false),
	(319, '41412063-9f04-42ef-aafd-9800a47238ae', 'https://nsmrxwnrtsllxvplazmm.supabase.co/storage/v1/object/public/product-images/products/41412063-9f04-42ef-aafd-9800a47238ae/1756757726348_rkashc6pxnd.jpg', 22, false, 'color', 'Light Pink', NULL, '2025-09-01 20:16:07.711824+00', '2025-09-01 20:16:07.711824+00', false),
	(326, '41412063-9f04-42ef-aafd-9800a47238ae', 'https://nsmrxwnrtsllxvplazmm.supabase.co/storage/v1/object/public/product-images/products/41412063-9f04-42ef-aafd-9800a47238ae/1756757787797_1b77778arb4.jpg', 29, false, 'color', 'Sport Grey', NULL, '2025-09-01 20:17:13.664712+00', '2025-09-01 20:17:13.664712+00', false),
	(327, '41412063-9f04-42ef-aafd-9800a47238ae', 'https://nsmrxwnrtsllxvplazmm.supabase.co/storage/v1/object/public/product-images/products/41412063-9f04-42ef-aafd-9800a47238ae/1756757780517_93pzhexiren.jpg', 30, false, 'color', 'Sport Grey', NULL, '2025-09-01 20:17:13.722544+00', '2025-09-01 20:17:13.722544+00', false),
	(363, '5889188a-e6c9-4161-96fa-c370a2a3c89b', 'https://nsmrxwnrtsllxvplazmm.supabase.co/storage/v1/object/public/product-images/products/5889188a-e6c9-4161-96fa-c370a2a3c89b/1756758518494_ke2n5t6d68.jpg', 28, false, 'color', 'Dark Heather', NULL, '2025-09-01 20:29:21.997518+00', '2025-09-01 20:29:21.997518+00', false),
	(395, '5889188a-e6c9-4161-96fa-c370a2a3c89b', 'https://nsmrxwnrtsllxvplazmm.supabase.co/storage/v1/object/public/product-images/products/5889188a-e6c9-4161-96fa-c370a2a3c89b/1756759859193_iqsxyx1f35.jpg', 50, false, 'color', 'Red', NULL, '2025-09-01 20:51:54.602874+00', '2025-09-01 20:51:54.602874+00', false),
	(404, '5889188a-e6c9-4161-96fa-c370a2a3c89b', 'https://nsmrxwnrtsllxvplazmm.supabase.co/storage/v1/object/public/product-images/products/5889188a-e6c9-4161-96fa-c370a2a3c89b/1756759858680_8p3bcbwtse7.jpg', 59, false, 'color', 'Red', NULL, '2025-09-01 20:51:55.359717+00', '2025-09-01 20:51:55.359717+00', false),
	(320, '41412063-9f04-42ef-aafd-9800a47238ae', 'https://nsmrxwnrtsllxvplazmm.supabase.co/storage/v1/object/public/product-images/products/41412063-9f04-42ef-aafd-9800a47238ae/1756757724614_k7yfgtslzk.jpg', 23, false, 'color', 'Light Pink', NULL, '2025-09-01 20:16:07.792766+00', '2025-09-01 20:16:07.792766+00', false),
	(328, '41412063-9f04-42ef-aafd-9800a47238ae', 'https://nsmrxwnrtsllxvplazmm.supabase.co/storage/v1/object/public/product-images/products/41412063-9f04-42ef-aafd-9800a47238ae/1756757779418_o9ihir18ayr.jpg', 31, false, 'color', 'Sport Grey', NULL, '2025-09-01 20:17:13.812441+00', '2025-09-01 20:17:13.812441+00', false),
	(329, '41412063-9f04-42ef-aafd-9800a47238ae', 'https://nsmrxwnrtsllxvplazmm.supabase.co/storage/v1/object/public/product-images/products/41412063-9f04-42ef-aafd-9800a47238ae/1756757781405_o4qgzgf9w1a.jpg', 32, false, 'color', 'Sport Grey', NULL, '2025-09-01 20:17:13.928916+00', '2025-09-01 20:17:13.928916+00', false),
	(330, '41412063-9f04-42ef-aafd-9800a47238ae', 'https://nsmrxwnrtsllxvplazmm.supabase.co/storage/v1/object/public/product-images/products/41412063-9f04-42ef-aafd-9800a47238ae/1756757778595_8cg0qbj6ugk.jpg', 33, false, 'color', 'Sport Grey', NULL, '2025-09-01 20:17:14.000354+00', '2025-09-01 20:17:14.000354+00', false),
	(331, '41412063-9f04-42ef-aafd-9800a47238ae', 'https://nsmrxwnrtsllxvplazmm.supabase.co/storage/v1/object/public/product-images/products/41412063-9f04-42ef-aafd-9800a47238ae/1756757786556_gf9e5ldjidh.jpg', 34, false, 'color', 'Sport Grey', NULL, '2025-09-01 20:17:14.067182+00', '2025-09-01 20:17:14.067182+00', false),
	(332, '41412063-9f04-42ef-aafd-9800a47238ae', 'https://nsmrxwnrtsllxvplazmm.supabase.co/storage/v1/object/public/product-images/products/41412063-9f04-42ef-aafd-9800a47238ae/1756757784399_fb5bhsqev1.jpg', 35, false, 'color', 'Sport Grey', NULL, '2025-09-01 20:17:14.141247+00', '2025-09-01 20:17:14.141247+00', false),
	(321, '41412063-9f04-42ef-aafd-9800a47238ae', 'https://nsmrxwnrtsllxvplazmm.supabase.co/storage/v1/object/public/product-images/products/41412063-9f04-42ef-aafd-9800a47238ae/1756757782608_bhskyj65je9.jpg', 24, true, 'color', 'Sport Grey', NULL, '2025-09-01 20:17:13.3296+00', '2025-09-01 20:17:13.3296+00', true),
	(322, '41412063-9f04-42ef-aafd-9800a47238ae', 'https://nsmrxwnrtsllxvplazmm.supabase.co/storage/v1/object/public/product-images/products/41412063-9f04-42ef-aafd-9800a47238ae/1756757783457_aockkbuvxfm.jpg', 25, false, 'color', 'Sport Grey', NULL, '2025-09-01 20:17:13.390077+00', '2025-09-01 20:17:13.390077+00', false),
	(323, '41412063-9f04-42ef-aafd-9800a47238ae', 'https://nsmrxwnrtsllxvplazmm.supabase.co/storage/v1/object/public/product-images/products/41412063-9f04-42ef-aafd-9800a47238ae/1756757785039_v9dxpb1hewg.jpg', 26, false, 'color', 'Sport Grey', NULL, '2025-09-01 20:17:13.454002+00', '2025-09-01 20:17:13.454002+00', false),
	(324, '41412063-9f04-42ef-aafd-9800a47238ae', 'https://nsmrxwnrtsllxvplazmm.supabase.co/storage/v1/object/public/product-images/products/41412063-9f04-42ef-aafd-9800a47238ae/1756757785783_h48xl33illa.jpg', 27, false, 'color', 'Sport Grey', NULL, '2025-09-01 20:17:13.520807+00', '2025-09-01 20:17:13.520807+00', false),
	(325, '41412063-9f04-42ef-aafd-9800a47238ae', 'https://nsmrxwnrtsllxvplazmm.supabase.co/storage/v1/object/public/product-images/products/41412063-9f04-42ef-aafd-9800a47238ae/1756757787189_ywwgyr66sl.jpg', 28, false, 'color', 'Sport Grey', NULL, '2025-09-01 20:17:13.583729+00', '2025-09-01 20:17:13.583729+00', false),
	(333, '41412063-9f04-42ef-aafd-9800a47238ae', 'https://nsmrxwnrtsllxvplazmm.supabase.co/storage/v1/object/public/product-images/products/41412063-9f04-42ef-aafd-9800a47238ae/1756757858824_jiqxh4mbpje.jpg', 36, true, 'color', 'White', NULL, '2025-09-01 20:18:26.545555+00', '2025-09-01 20:18:26.545555+00', true),
	(334, '41412063-9f04-42ef-aafd-9800a47238ae', 'https://nsmrxwnrtsllxvplazmm.supabase.co/storage/v1/object/public/product-images/products/41412063-9f04-42ef-aafd-9800a47238ae/1756757860169_majqt3vxymr.jpg', 37, false, 'color', 'White', NULL, '2025-09-01 20:18:26.681691+00', '2025-09-01 20:18:26.681691+00', false),
	(335, '41412063-9f04-42ef-aafd-9800a47238ae', 'https://nsmrxwnrtsllxvplazmm.supabase.co/storage/v1/object/public/product-images/products/41412063-9f04-42ef-aafd-9800a47238ae/1756757861387_cdfcmxl6fk.jpg', 38, false, 'color', 'White', NULL, '2025-09-01 20:18:26.757629+00', '2025-09-01 20:18:26.757629+00', false),
	(336, '41412063-9f04-42ef-aafd-9800a47238ae', 'https://nsmrxwnrtsllxvplazmm.supabase.co/storage/v1/object/public/product-images/products/41412063-9f04-42ef-aafd-9800a47238ae/1756757861913_dzvxwyix2k.jpg', 39, false, 'color', 'White', NULL, '2025-09-01 20:18:26.84455+00', '2025-09-01 20:18:26.84455+00', false),
	(337, '41412063-9f04-42ef-aafd-9800a47238ae', 'https://nsmrxwnrtsllxvplazmm.supabase.co/storage/v1/object/public/product-images/products/41412063-9f04-42ef-aafd-9800a47238ae/1756757863111_h12ltplbg3p.jpg', 40, false, 'color', 'White', NULL, '2025-09-01 20:18:26.917261+00', '2025-09-01 20:18:26.917261+00', false),
	(338, '41412063-9f04-42ef-aafd-9800a47238ae', 'https://nsmrxwnrtsllxvplazmm.supabase.co/storage/v1/object/public/product-images/products/41412063-9f04-42ef-aafd-9800a47238ae/1756757863748_z22lxusobg.jpg', 41, false, 'color', 'White', NULL, '2025-09-01 20:18:26.996579+00', '2025-09-01 20:18:26.996579+00', false),
	(339, '41412063-9f04-42ef-aafd-9800a47238ae', 'https://nsmrxwnrtsllxvplazmm.supabase.co/storage/v1/object/public/product-images/products/41412063-9f04-42ef-aafd-9800a47238ae/1756757857517_0levscl6est.jpg', 42, false, 'color', 'White', NULL, '2025-09-01 20:18:27.109444+00', '2025-09-01 20:18:27.109444+00', false),
	(340, '41412063-9f04-42ef-aafd-9800a47238ae', 'https://nsmrxwnrtsllxvplazmm.supabase.co/storage/v1/object/public/product-images/products/41412063-9f04-42ef-aafd-9800a47238ae/1756757858096_vbg1f2bhwh8.jpg', 43, false, 'color', 'White', NULL, '2025-09-01 20:18:27.186824+00', '2025-09-01 20:18:27.186824+00', false),
	(341, '41412063-9f04-42ef-aafd-9800a47238ae', 'https://nsmrxwnrtsllxvplazmm.supabase.co/storage/v1/object/public/product-images/products/41412063-9f04-42ef-aafd-9800a47238ae/1756757859611_8jhex8q16js.jpg', 44, false, 'color', 'White', NULL, '2025-09-01 20:18:27.262676+00', '2025-09-01 20:18:27.262676+00', false),
	(342, '41412063-9f04-42ef-aafd-9800a47238ae', 'https://nsmrxwnrtsllxvplazmm.supabase.co/storage/v1/object/public/product-images/products/41412063-9f04-42ef-aafd-9800a47238ae/1756757855158_geyihdiwn2g.jpg', 45, false, 'color', 'White', NULL, '2025-09-01 20:18:27.316091+00', '2025-09-01 20:18:27.316091+00', false),
	(343, '41412063-9f04-42ef-aafd-9800a47238ae', 'https://nsmrxwnrtsllxvplazmm.supabase.co/storage/v1/object/public/product-images/products/41412063-9f04-42ef-aafd-9800a47238ae/1756757862513_kxdlkvp8yja.jpg', 46, false, 'color', 'White', NULL, '2025-09-01 20:18:27.418969+00', '2025-09-01 20:18:27.418969+00', false),
	(364, '5889188a-e6c9-4161-96fa-c370a2a3c89b', 'https://nsmrxwnrtsllxvplazmm.supabase.co/storage/v1/object/public/product-images/products/5889188a-e6c9-4161-96fa-c370a2a3c89b/1756758519304_f44qdxczrvw.jpg', 29, false, 'color', 'Dark Heather', NULL, '2025-09-01 20:29:22.218474+00', '2025-09-01 20:29:22.218474+00', false),
	(396, '5889188a-e6c9-4161-96fa-c370a2a3c89b', 'https://nsmrxwnrtsllxvplazmm.supabase.co/storage/v1/object/public/product-images/products/5889188a-e6c9-4161-96fa-c370a2a3c89b/1756759859878_q2qd5em1son.jpg', 51, false, 'color', 'Red', NULL, '2025-09-01 20:51:54.710591+00', '2025-09-01 20:51:54.710591+00', false),
	(344, '41412063-9f04-42ef-aafd-9800a47238ae', 'https://nsmrxwnrtsllxvplazmm.supabase.co/storage/v1/object/public/product-images/products/41412063-9f04-42ef-aafd-9800a47238ae/1756757860909_gurvmx9llb.jpg', 47, false, 'color', 'White', NULL, '2025-09-01 20:18:27.478241+00', '2025-09-01 20:18:27.478241+00', false),
	(365, '5889188a-e6c9-4161-96fa-c370a2a3c89b', 'https://nsmrxwnrtsllxvplazmm.supabase.co/storage/v1/object/public/product-images/products/5889188a-e6c9-4161-96fa-c370a2a3c89b/1756758522528_ut7yeoa2xqn.jpg', 30, false, 'color', 'Dark Heather', NULL, '2025-09-01 20:29:22.352902+00', '2025-09-01 20:29:22.352902+00', false),
	(397, '5889188a-e6c9-4161-96fa-c370a2a3c89b', 'https://nsmrxwnrtsllxvplazmm.supabase.co/storage/v1/object/public/product-images/products/5889188a-e6c9-4161-96fa-c370a2a3c89b/1756759863195_ch7u9cfvs6s.jpg', 52, false, 'color', 'Red', NULL, '2025-09-01 20:51:54.782719+00', '2025-09-01 20:51:54.782719+00', false);


--
-- Data for Name: product_images_backup; Type: TABLE DATA; Schema: public; Owner: postgres
--



--
-- Data for Name: product_images_backup2; Type: TABLE DATA; Schema: public; Owner: postgres
--



--
-- Data for Name: product_overrides; Type: TABLE DATA; Schema: public; Owner: postgres
--



--
-- Data for Name: product_variants; Type: TABLE DATA; Schema: public; Owner: postgres
--

INSERT INTO "public"."product_variants" ("id", "product_id", "name", "value", "printful_variant_id", "price", "in_stock", "is_available", "color", "color_hex", "design", "size", "created_at", "updated_at", "color_name", "color_hex_code", "size_name") VALUES
	('e9a4c635-06ec-40d7-adb7-b6fc14525f49', '814074c6-e88d-4505-9089-6ac04124ea23', 'Unisex t-shirt DARK / Black Heather / S', 'Black Heather-S', '4938821282', 24.99, true, true, 'Black Heather', '#1f2937', NULL, 'S', '2025-09-01 04:00:27.309073+00', '2025-09-01 04:00:27.309073+00', 'Black Heather', NULL, 'S'),
	('3c45e7c8-6642-4331-9d7f-57f3e9397e68', '814074c6-e88d-4505-9089-6ac04124ea23', 'Unisex t-shirt DARK / Black Heather / M', 'Black Heather-M', '4938821283', 24.99, true, true, 'Black Heather', '#1f2937', NULL, 'M', '2025-09-01 04:00:27.309073+00', '2025-09-01 04:00:27.309073+00', 'Black Heather', NULL, 'M'),
	('eea8eca3-1cb6-4e9b-9956-78f04a0a809a', '814074c6-e88d-4505-9089-6ac04124ea23', 'Unisex t-shirt DARK / Black Heather / L', 'Black Heather-L', '4938821284', 24.99, true, true, 'Black Heather', '#1f2937', NULL, 'L', '2025-09-01 04:00:27.309073+00', '2025-09-01 04:00:27.309073+00', 'Black Heather', NULL, 'L'),
	('98287693-a561-45a1-b861-9266c7d298ec', '814074c6-e88d-4505-9089-6ac04124ea23', 'Unisex t-shirt DARK / Black Heather / XL', 'Black Heather-XL', '4938821285', 24.99, true, true, 'Black Heather', '#1f2937', NULL, 'XL', '2025-09-01 04:00:27.309073+00', '2025-09-01 04:00:27.309073+00', 'Black Heather', NULL, 'XL'),
	('bb5417ab-554b-4881-8166-fc4e821d8e24', '814074c6-e88d-4505-9089-6ac04124ea23', 'Unisex t-shirt DARK / Black Heather / 2XL', 'Black Heather-2XL', '4938821286', 24.99, true, true, 'Black Heather', '#1f2937', NULL, '2XL', '2025-09-01 04:00:27.309073+00', '2025-09-01 04:00:27.309073+00', 'Black Heather', NULL, '2XL'),
	('fbfa9884-9106-46c7-8024-84cd8999d577', '814074c6-e88d-4505-9089-6ac04124ea23', 'Unisex t-shirt DARK / Black / S', 'Black-S', '4938821287', 24.99, true, true, 'Black', '#000000', NULL, 'S', '2025-09-01 04:00:27.309073+00', '2025-09-01 04:00:27.309073+00', 'Black', NULL, 'S'),
	('d79a6a24-292f-404d-aabb-956933a44721', '814074c6-e88d-4505-9089-6ac04124ea23', 'Unisex t-shirt DARK / Black / M', 'Black-M', '4938821288', 24.99, true, true, 'Black', '#000000', NULL, 'M', '2025-09-01 04:00:27.309073+00', '2025-09-01 04:00:27.309073+00', 'Black', NULL, 'M'),
	('5fd37c7d-3558-42e0-b3cf-5472df6eabe6', '814074c6-e88d-4505-9089-6ac04124ea23', 'Unisex t-shirt DARK / Black / L', 'Black-L', '4938821289', 24.99, true, true, 'Black', '#000000', NULL, 'L', '2025-09-01 04:00:27.309073+00', '2025-09-01 04:00:27.309073+00', 'Black', NULL, 'L'),
	('79ce9c54-16c9-4535-9f43-bfeb521548f2', '814074c6-e88d-4505-9089-6ac04124ea23', 'Unisex t-shirt DARK / Black / XL', 'Black-XL', '4938821290', 24.99, true, true, 'Black', '#000000', NULL, 'XL', '2025-09-01 04:00:27.309073+00', '2025-09-01 04:00:27.309073+00', 'Black', NULL, 'XL'),
	('d06a6e3e-11cc-4ae9-8a32-76c7d1dc18d5', '814074c6-e88d-4505-9089-6ac04124ea23', 'Unisex t-shirt DARK / Black / 2XL', 'Black-2XL', '4938821291', 24.99, true, true, 'Black', '#000000', NULL, '2XL', '2025-09-01 04:00:27.309073+00', '2025-09-01 04:00:27.309073+00', 'Black', NULL, '2XL'),
	('76b1404f-f4dd-4964-a0f5-972fe355ab2d', '814074c6-e88d-4505-9089-6ac04124ea23', 'Unisex t-shirt DARK / Navy / S', 'Navy-S', '4938821292', 24.99, true, true, 'Navy', '#1f2937', NULL, 'S', '2025-09-01 04:00:27.309073+00', '2025-09-01 04:00:27.309073+00', 'Navy', NULL, 'S'),
	('6d54a2bd-6e21-4aca-a320-a414dcb14fee', '814074c6-e88d-4505-9089-6ac04124ea23', 'Unisex t-shirt DARK / Navy / M', 'Navy-M', '4938821293', 24.99, true, true, 'Navy', '#1f2937', NULL, 'M', '2025-09-01 04:00:27.309073+00', '2025-09-01 04:00:27.309073+00', 'Navy', NULL, 'M'),
	('f8c708ff-1fb1-45b4-8398-f3ec17f61bb4', '814074c6-e88d-4505-9089-6ac04124ea23', 'Unisex t-shirt DARK / Navy / L', 'Navy-L', '4938821294', 24.99, true, true, 'Navy', '#1f2937', NULL, 'L', '2025-09-01 04:00:27.309073+00', '2025-09-01 04:00:27.309073+00', 'Navy', NULL, 'L'),
	('b69bc13e-eba9-4fea-b89a-dafa2dc2bf34', '814074c6-e88d-4505-9089-6ac04124ea23', 'Unisex t-shirt DARK / Navy / XL', 'Navy-XL', '4938821295', 24.99, true, true, 'Navy', '#1f2937', NULL, 'XL', '2025-09-01 04:00:27.309073+00', '2025-09-01 04:00:27.309073+00', 'Navy', NULL, 'XL'),
	('5010dcf4-11e7-497d-8c69-59fc0f58b310', '814074c6-e88d-4505-9089-6ac04124ea23', 'Unisex t-shirt DARK / Navy / 2XL', 'Navy-2XL', '4938821296', 24.99, true, true, 'Navy', '#1f2937', NULL, '2XL', '2025-09-01 04:00:27.309073+00', '2025-09-01 04:00:27.309073+00', 'Navy', NULL, '2XL'),
	('e27fd5c1-1c44-4065-ba8e-7eb824d28ca0', '814074c6-e88d-4505-9089-6ac04124ea23', 'Unisex t-shirt DARK / Red / S', 'Red-S', '4938821297', 24.99, true, true, 'Red', '#dc2626', NULL, 'S', '2025-09-01 04:00:27.309073+00', '2025-09-01 04:00:27.309073+00', 'Red', NULL, 'S'),
	('9f0c4f2a-1c02-4bb9-8731-d1b898e1cc2b', '814074c6-e88d-4505-9089-6ac04124ea23', 'Unisex t-shirt DARK / Red / M', 'Red-M', '4938821298', 24.99, true, true, 'Red', '#dc2626', NULL, 'M', '2025-09-01 04:00:27.309073+00', '2025-09-01 04:00:27.309073+00', 'Red', NULL, 'M'),
	('de346755-c9b9-4d83-848e-88bfe5522d6d', '814074c6-e88d-4505-9089-6ac04124ea23', 'Unisex t-shirt DARK / Red / L', 'Red-L', '4938821299', 24.99, true, true, 'Red', '#dc2626', NULL, 'L', '2025-09-01 04:00:27.309073+00', '2025-09-01 04:00:27.309073+00', 'Red', NULL, 'L'),
	('f865121b-0c61-4951-9dba-653c007c41ca', '814074c6-e88d-4505-9089-6ac04124ea23', 'Unisex t-shirt DARK / Red / XL', 'Red-XL', '4938821300', 24.99, true, true, 'Red', '#dc2626', NULL, 'XL', '2025-09-01 04:00:27.309073+00', '2025-09-01 04:00:27.309073+00', 'Red', NULL, 'XL'),
	('b61f869f-7cba-4303-b2d3-f4a0159655d3', '814074c6-e88d-4505-9089-6ac04124ea23', 'Unisex t-shirt DARK / Red / 2XL', 'Red-2XL', '4938821301', 24.99, true, true, 'Red', '#dc2626', NULL, '2XL', '2025-09-01 04:00:27.309073+00', '2025-09-01 04:00:27.309073+00', 'Red', NULL, '2XL'),
	('b02b9905-2554-4c6f-8d1d-7fdcec8bac38', '814074c6-e88d-4505-9089-6ac04124ea23', 'Unisex t-shirt DARK / Dark Grey Heather / S', 'Dark Grey Heather-S', '4938821302', 24.99, true, true, 'Dark Grey Heather', '#4b5563', NULL, 'S', '2025-09-01 04:00:27.309073+00', '2025-09-01 04:00:27.309073+00', 'Dark Grey Heather', NULL, 'S'),
	('665ee839-7163-4404-9abe-20d32386a415', '814074c6-e88d-4505-9089-6ac04124ea23', 'Unisex t-shirt DARK / Dark Grey Heather / M', 'Dark Grey Heather-M', '4938821303', 24.99, true, true, 'Dark Grey Heather', '#4b5563', NULL, 'M', '2025-09-01 04:00:27.309073+00', '2025-09-01 04:00:27.309073+00', 'Dark Grey Heather', NULL, 'M'),
	('0df56136-4f13-4135-8426-dce8910ef819', '814074c6-e88d-4505-9089-6ac04124ea23', 'Unisex t-shirt DARK / Dark Grey Heather / L', 'Dark Grey Heather-L', '4938821304', 24.99, true, true, 'Dark Grey Heather', '#4b5563', NULL, 'L', '2025-09-01 04:00:27.309073+00', '2025-09-01 04:00:27.309073+00', 'Dark Grey Heather', NULL, 'L'),
	('df77aa1b-9ee9-4cc2-8304-e3a2797a9e92', '814074c6-e88d-4505-9089-6ac04124ea23', 'Unisex t-shirt DARK / Dark Grey Heather / XL', 'Dark Grey Heather-XL', '4938821305', 24.99, true, true, 'Dark Grey Heather', '#4b5563', NULL, 'XL', '2025-09-01 04:00:27.309073+00', '2025-09-01 04:00:27.309073+00', 'Dark Grey Heather', NULL, 'XL'),
	('7c1a5ada-802a-4dc3-b9c0-053b66874853', '814074c6-e88d-4505-9089-6ac04124ea23', 'Unisex t-shirt DARK / Dark Grey Heather / 2XL', 'Dark Grey Heather-2XL', '4938821306', 24.99, true, true, 'Dark Grey Heather', '#4b5563', NULL, '2XL', '2025-09-01 04:00:27.309073+00', '2025-09-01 04:00:27.309073+00', 'Dark Grey Heather', NULL, '2XL'),
	('2c5bd239-32f2-4030-b924-6dece773b7e7', '814074c6-e88d-4505-9089-6ac04124ea23', 'Unisex t-shirt DARK / Asphalt / S', 'Asphalt-S', '4938821307', 24.99, true, true, 'Asphalt', '#1e293b', NULL, 'S', '2025-09-01 04:00:27.309073+00', '2025-09-01 04:00:27.309073+00', 'Asphalt', NULL, 'S'),
	('85621cac-a88d-4fc9-9cc4-391baf67055e', '814074c6-e88d-4505-9089-6ac04124ea23', 'Unisex t-shirt DARK / Asphalt / M', 'Asphalt-M', '4938821308', 24.99, true, true, 'Asphalt', '#1e293b', NULL, 'M', '2025-09-01 04:00:27.309073+00', '2025-09-01 04:00:27.309073+00', 'Asphalt', NULL, 'M'),
	('50209adf-d142-4445-b0a7-46c34d25d715', '814074c6-e88d-4505-9089-6ac04124ea23', 'Unisex t-shirt DARK / Asphalt / L', 'Asphalt-L', '4938821309', 24.99, true, true, 'Asphalt', '#1e293b', NULL, 'L', '2025-09-01 04:00:27.309073+00', '2025-09-01 04:00:27.309073+00', 'Asphalt', NULL, 'L'),
	('259074f0-368f-497f-86de-0bf054871067', '814074c6-e88d-4505-9089-6ac04124ea23', 'Unisex t-shirt DARK / Asphalt / XL', 'Asphalt-XL', '4938821310', 24.99, true, true, 'Asphalt', '#1e293b', NULL, 'XL', '2025-09-01 04:00:27.309073+00', '2025-09-01 04:00:27.309073+00', 'Asphalt', NULL, 'XL'),
	('ef1c59f5-1101-4be4-b518-6abe12773b63', '814074c6-e88d-4505-9089-6ac04124ea23', 'Unisex t-shirt DARK / Asphalt / 2XL', 'Asphalt-2XL', '4938821311', 24.99, true, true, 'Asphalt', '#1e293b', NULL, '2XL', '2025-09-01 04:00:27.309073+00', '2025-09-01 04:00:27.309073+00', 'Asphalt', NULL, '2XL'),
	('40146e52-252d-49cd-91c6-feab58eb0b3d', '814074c6-e88d-4505-9089-6ac04124ea23', 'Unisex t-shirt DARK / Army / S', 'Army-S', '4938821312', 24.99, true, true, 'Army', '#4b5320', NULL, 'S', '2025-09-01 04:00:27.309073+00', '2025-09-01 04:00:27.309073+00', 'Army', NULL, 'S'),
	('76ee6483-9cc9-40c7-8905-67288e83488c', '814074c6-e88d-4505-9089-6ac04124ea23', 'Unisex t-shirt DARK / Army / M', 'Army-M', '4938821313', 24.99, true, true, 'Army', '#4b5320', NULL, 'M', '2025-09-01 04:00:27.309073+00', '2025-09-01 04:00:27.309073+00', 'Army', NULL, 'M'),
	('34bf908c-eb2c-4d0b-a9fa-915ef2027372', '814074c6-e88d-4505-9089-6ac04124ea23', 'Unisex t-shirt DARK / Army / L', 'Army-L', '4938821314', 24.99, true, true, 'Army', '#4b5320', NULL, 'L', '2025-09-01 04:00:27.309073+00', '2025-09-01 04:00:27.309073+00', 'Army', NULL, 'L'),
	('42c26fc8-2282-4440-a763-b98cc3221f33', '814074c6-e88d-4505-9089-6ac04124ea23', 'Unisex t-shirt DARK / Army / XL', 'Army-XL', '4938821315', 24.99, true, true, 'Army', '#4b5320', NULL, 'XL', '2025-09-01 04:00:27.309073+00', '2025-09-01 04:00:27.309073+00', 'Army', NULL, 'XL'),
	('9989be92-c8b7-440f-800f-da11f43e9e8b', '814074c6-e88d-4505-9089-6ac04124ea23', 'Unisex t-shirt DARK / Army / 2XL', 'Army-2XL', '4938821316', 24.99, true, true, 'Army', '#4b5320', NULL, '2XL', '2025-09-01 04:00:27.309073+00', '2025-09-01 04:00:27.309073+00', 'Army', NULL, '2XL'),
	('5d689d59-8d77-43dc-8126-cd727d237224', '814074c6-e88d-4505-9089-6ac04124ea23', 'Unisex t-shirt DARK / Olive / S', 'Olive-S', '4938821317', 24.99, true, true, 'Olive', '#84cc16', NULL, 'S', '2025-09-01 04:00:27.309073+00', '2025-09-01 04:00:27.309073+00', 'Olive', NULL, 'S'),
	('53059cb9-edd3-4960-ab39-c6c4140d47e1', '814074c6-e88d-4505-9089-6ac04124ea23', 'Unisex t-shirt DARK / Olive / M', 'Olive-M', '4938821318', 24.99, true, true, 'Olive', '#84cc16', NULL, 'M', '2025-09-01 04:00:27.309073+00', '2025-09-01 04:00:27.309073+00', 'Olive', NULL, 'M'),
	('605aca72-6d3f-4bb8-9873-14a87b73fec4', '814074c6-e88d-4505-9089-6ac04124ea23', 'Unisex t-shirt DARK / Olive / L', 'Olive-L', '4938821319', 24.99, true, true, 'Olive', '#84cc16', NULL, 'L', '2025-09-01 04:00:27.309073+00', '2025-09-01 04:00:27.309073+00', 'Olive', NULL, 'L'),
	('7095852c-fa45-46f2-a0da-2fe2295e0de8', '814074c6-e88d-4505-9089-6ac04124ea23', 'Unisex t-shirt DARK / Olive / XL', 'Olive-XL', '4938821320', 24.99, true, true, 'Olive', '#84cc16', NULL, 'XL', '2025-09-01 04:00:27.309073+00', '2025-09-01 04:00:27.309073+00', 'Olive', NULL, 'XL'),
	('c9ca51d9-fd8f-4dce-8229-2f8726d6ed71', '814074c6-e88d-4505-9089-6ac04124ea23', 'Unisex t-shirt DARK / Olive / 2XL', 'Olive-2XL', '4938821321', 24.99, true, true, 'Olive', '#84cc16', NULL, '2XL', '2025-09-01 04:00:27.309073+00', '2025-09-01 04:00:27.309073+00', 'Olive', NULL, '2XL'),
	('3f8441c4-21a1-4887-8b8c-372a6b52abd4', '814074c6-e88d-4505-9089-6ac04124ea23', 'Unisex t-shirt DARK / Autumn / S', 'Autumn-S', '4938821322', 24.99, true, true, 'Autumn', '#ea580c', NULL, 'S', '2025-09-01 04:00:27.309073+00', '2025-09-01 04:00:27.309073+00', 'Autumn', NULL, 'S'),
	('468efa56-0a6c-477b-86b6-482cd6e61c1e', '814074c6-e88d-4505-9089-6ac04124ea23', 'Unisex t-shirt DARK / Autumn / M', 'Autumn-M', '4938821323', 24.99, true, true, 'Autumn', '#ea580c', NULL, 'M', '2025-09-01 04:00:27.309073+00', '2025-09-01 04:00:27.309073+00', 'Autumn', NULL, 'M'),
	('ce253167-d898-4588-86a0-26f5f2894943', '814074c6-e88d-4505-9089-6ac04124ea23', 'Unisex t-shirt DARK / Autumn / L', 'Autumn-L', '4938821324', 24.99, true, true, 'Autumn', '#ea580c', NULL, 'L', '2025-09-01 04:00:27.309073+00', '2025-09-01 04:00:27.309073+00', 'Autumn', NULL, 'L'),
	('16419cf5-a975-4413-9d1c-e6e53a901dcd', '814074c6-e88d-4505-9089-6ac04124ea23', 'Unisex t-shirt DARK / Autumn / XL', 'Autumn-XL', '4938821325', 24.99, true, true, 'Autumn', '#ea580c', NULL, 'XL', '2025-09-01 04:00:27.309073+00', '2025-09-01 04:00:27.309073+00', 'Autumn', NULL, 'XL'),
	('bd4162c2-c376-4c8d-9e98-4e05c0bafc48', '814074c6-e88d-4505-9089-6ac04124ea23', 'Unisex t-shirt DARK / Autumn / 2XL', 'Autumn-2XL', '4938821326', 24.99, true, true, 'Autumn', '#ea580c', NULL, '2XL', '2025-09-01 04:00:27.309073+00', '2025-09-01 04:00:27.309073+00', 'Autumn', NULL, '2XL'),
	('814bcc17-4d53-4c2c-bb95-affa6efcde66', '814074c6-e88d-4505-9089-6ac04124ea23', 'Unisex t-shirt DARK / Heather Deep Teal / S', 'Heather Deep Teal-S', '4938821327', 24.99, true, true, 'Heather Deep Teal', '#0f766e', NULL, 'S', '2025-09-01 04:00:27.309073+00', '2025-09-01 04:00:27.309073+00', 'Heather Deep Teal', NULL, 'S'),
	('441edc00-385f-46fd-8c0d-df6b36735664', '814074c6-e88d-4505-9089-6ac04124ea23', 'Unisex t-shirt DARK / Heather Deep Teal / M', 'Heather Deep Teal-M', '4938821328', 24.99, true, true, 'Heather Deep Teal', '#0f766e', NULL, 'M', '2025-09-01 04:00:27.309073+00', '2025-09-01 04:00:27.309073+00', 'Heather Deep Teal', NULL, 'M'),
	('0b3c8164-2383-4ea5-a471-f95046e5222a', '814074c6-e88d-4505-9089-6ac04124ea23', 'Unisex t-shirt DARK / Heather Deep Teal / L', 'Heather Deep Teal-L', '4938821329', 24.99, true, true, 'Heather Deep Teal', '#0f766e', NULL, 'L', '2025-09-01 04:00:27.309073+00', '2025-09-01 04:00:27.309073+00', 'Heather Deep Teal', NULL, 'L'),
	('40b39d28-0ce8-4627-8da1-4f005d7e94f8', '814074c6-e88d-4505-9089-6ac04124ea23', 'Unisex t-shirt DARK / Heather Deep Teal / XL', 'Heather Deep Teal-XL', '4938821330', 24.99, true, true, 'Heather Deep Teal', '#0f766e', NULL, 'XL', '2025-09-01 04:00:27.309073+00', '2025-09-01 04:00:27.309073+00', 'Heather Deep Teal', NULL, 'XL'),
	('3d4f10d7-c8f7-4e83-b7fc-5b6ff4872df2', '814074c6-e88d-4505-9089-6ac04124ea23', 'Unisex t-shirt DARK / Heather Deep Teal / 2XL', 'Heather Deep Teal-2XL', '4938821331', 24.99, true, true, 'Heather Deep Teal', '#0f766e', NULL, '2XL', '2025-09-01 04:00:27.309073+00', '2025-09-01 04:00:27.309073+00', 'Heather Deep Teal', NULL, '2XL'),
	('10744d7b-fe0f-4c7c-813a-140e886be063', '814074c6-e88d-4505-9089-6ac04124ea23', 'Unisex t-shirt DARK / Mauve / S', 'Mauve-S', '4938821332', 24.99, true, true, 'Mauve', '#c084fc', NULL, 'S', '2025-09-01 04:00:27.309073+00', '2025-09-01 04:00:27.309073+00', 'Mauve', NULL, 'S'),
	('b9096596-856b-4215-8c7e-fe81c0f3700d', '814074c6-e88d-4505-9089-6ac04124ea23', 'Unisex t-shirt DARK / Mauve / M', 'Mauve-M', '4938821333', 24.99, true, true, 'Mauve', '#c084fc', NULL, 'M', '2025-09-01 04:00:27.309073+00', '2025-09-01 04:00:27.309073+00', 'Mauve', NULL, 'M'),
	('fc07ec58-3343-471f-b608-6baa4eb23611', '814074c6-e88d-4505-9089-6ac04124ea23', 'Unisex t-shirt DARK / Mauve / L', 'Mauve-L', '4938821334', 24.99, true, true, 'Mauve', '#c084fc', NULL, 'L', '2025-09-01 04:00:27.309073+00', '2025-09-01 04:00:27.309073+00', 'Mauve', NULL, 'L'),
	('8fc64750-a4db-4a29-98ef-b1f8a213ca66', '814074c6-e88d-4505-9089-6ac04124ea23', 'Unisex t-shirt DARK / Mauve / XL', 'Mauve-XL', '4938821335', 24.99, true, true, 'Mauve', '#c084fc', NULL, 'XL', '2025-09-01 04:00:27.309073+00', '2025-09-01 04:00:27.309073+00', 'Mauve', NULL, 'XL'),
	('8b978ca6-f23e-4f84-9e83-458bc9fdc11d', '814074c6-e88d-4505-9089-6ac04124ea23', 'Unisex t-shirt DARK / Mauve / 2XL', 'Mauve-2XL', '4938821336', 24.99, true, true, 'Mauve', '#c084fc', NULL, '2XL', '2025-09-01 04:00:27.309073+00', '2025-09-01 04:00:27.309073+00', 'Mauve', NULL, '2XL'),
	('6434353e-3d9d-4ac3-85ce-b6ab0db98e17', '814074c6-e88d-4505-9089-6ac04124ea23', 'Unisex t-shirt DARK / Steel Blue / S', 'Steel Blue-S', '4938821337', 24.99, true, true, 'Steel Blue', '#475569', NULL, 'S', '2025-09-01 04:00:27.309073+00', '2025-09-01 04:00:27.309073+00', 'Steel Blue', NULL, 'S'),
	('ec39e10b-f625-4513-9dc6-0f7b94f813ca', '814074c6-e88d-4505-9089-6ac04124ea23', 'Unisex t-shirt DARK / Steel Blue / M', 'Steel Blue-M', '4938821338', 24.99, true, true, 'Steel Blue', '#475569', NULL, 'M', '2025-09-01 04:00:27.309073+00', '2025-09-01 04:00:27.309073+00', 'Steel Blue', NULL, 'M'),
	('9ebaa66a-299c-40e5-bbd0-34b8d73ae11e', '814074c6-e88d-4505-9089-6ac04124ea23', 'Unisex t-shirt DARK / Steel Blue / L', 'Steel Blue-L', '4938821339', 24.99, true, true, 'Steel Blue', '#475569', NULL, 'L', '2025-09-01 04:00:27.309073+00', '2025-09-01 04:00:27.309073+00', 'Steel Blue', NULL, 'L'),
	('7d25cf6a-ceb3-4fd1-b24a-78ee2d35a0d6', '814074c6-e88d-4505-9089-6ac04124ea23', 'Unisex t-shirt DARK / Steel Blue / XL', 'Steel Blue-XL', '4938821340', 24.99, true, true, 'Steel Blue', '#475569', NULL, 'XL', '2025-09-01 04:00:27.309073+00', '2025-09-01 04:00:27.309073+00', 'Steel Blue', NULL, 'XL'),
	('f26f2e9b-71cb-46a7-bbad-4069ccb90446', '814074c6-e88d-4505-9089-6ac04124ea23', 'Unisex t-shirt DARK / Steel Blue / 2XL', 'Steel Blue-2XL', '4938821341', 24.99, true, true, 'Steel Blue', '#475569', NULL, '2XL', '2025-09-01 04:00:27.309073+00', '2025-09-01 04:00:27.309073+00', 'Steel Blue', NULL, '2XL'),
	('949bfa63-4ebc-4b3c-91da-de3b92163f3a', '1c0a9021-d98a-4e0e-8069-4e2f362abbbb', 'Reform UK Sticker', 'White-3″×3″', '4938952082', 2.99, true, true, 'White', '#FFFFFF', NULL, '3″×3″', '2025-09-01 03:58:55.772141+00', '2025-09-01 03:58:55.772141+00', 'White', NULL, '3″×3″'),
	('bbe702ab-fe1a-4246-91bb-b36f6ff0e8e4', '48341979-9106-4d56-b71a-732c41f7aa6e', 'Reform UK Mouse Pad', 'White-8.7"x7.1"', '4938942751', 14.99, true, true, 'White', '#FFFFFF', NULL, '8.7"x7.1"', '2025-09-01 03:58:56.803713+00', '2025-09-01 03:58:56.803713+00', 'White', NULL, '8.7"x7.1"'),
	('00db66e6-7ade-4c61-9169-feaa5ecf817a', '29b2e16a-39e8-4322-aaf1-0529b3973212', 'Reform UK Cap / Black', 'Black-One Size', '4938937571', 19.99, true, true, 'Black', '#000000', NULL, 'One Size', '2025-09-01 03:59:02.060257+00', '2025-09-01 03:59:02.060257+00', 'Black', NULL, 'One Size'),
	('066d468c-9dd7-4630-b9a1-b34fd92e1462', '29b2e16a-39e8-4322-aaf1-0529b3973212', 'Reform UK Cap / Navy', 'Navy-One Size', '4938937572', 19.99, true, true, 'Navy', '#1f2937', NULL, 'One Size', '2025-09-01 03:59:02.060257+00', '2025-09-01 03:59:02.060257+00', 'Navy', NULL, 'One Size'),
	('3ac25584-b847-427f-800f-2994e3787f7e', '29b2e16a-39e8-4322-aaf1-0529b3973212', 'Reform UK Cap / Dark Grey', 'Dark Grey-One Size', '4938937573', 19.99, true, true, 'Dark Grey', '#374151', NULL, 'One Size', '2025-09-01 03:59:02.060257+00', '2025-09-01 03:59:02.060257+00', 'Dark Grey', NULL, 'One Size'),
	('663a9af4-89da-4c69-8d69-c5ce6dfaf402', '29b2e16a-39e8-4322-aaf1-0529b3973212', 'Reform UK Cap / Khaki', 'Khaki-One Size', '4938937574', 19.99, true, true, 'Khaki', '#d4a574', NULL, 'One Size', '2025-09-01 03:59:02.060257+00', '2025-09-01 03:59:02.060257+00', 'Khaki', NULL, 'One Size'),
	('9c1cca33-3bba-4ab6-85cd-0ba9e48c3130', '29b2e16a-39e8-4322-aaf1-0529b3973212', 'Reform UK Cap / Stone', 'Stone-One Size', '4938937575', 19.99, true, true, 'Stone', '#a8a29e', NULL, 'One Size', '2025-09-01 03:59:02.060257+00', '2025-09-01 03:59:02.060257+00', 'Stone', NULL, 'One Size'),
	('578f2c77-53f2-4c92-b06b-253286d713af', '29b2e16a-39e8-4322-aaf1-0529b3973212', 'Reform UK Cap / Pink', 'Pink-One Size', '4938937576', 19.99, true, true, 'Pink', '#ec4899', NULL, 'One Size', '2025-09-01 03:59:02.060257+00', '2025-09-01 03:59:02.060257+00', 'Pink', NULL, 'One Size'),
	('28228277-2b8a-4cc4-9615-cb37342f49ef', '29b2e16a-39e8-4322-aaf1-0529b3973212', 'Reform UK Cap / Light Blue', 'Light Blue-One Size', '4938937577', 19.99, true, true, 'Light Blue', '#3b82f6', NULL, 'One Size', '2025-09-01 03:59:02.060257+00', '2025-09-01 03:59:02.060257+00', 'Light Blue', NULL, 'One Size'),
	('dd8d2247-7cfe-4438-8cbe-2742f0c96dcd', '29b2e16a-39e8-4322-aaf1-0529b3973212', 'Reform UK Cap / White', 'White-One Size', '4938937578', 19.99, true, true, 'White', '#FFFFFF', NULL, 'One Size', '2025-09-01 03:59:02.060257+00', '2025-09-01 03:59:02.060257+00', 'White', NULL, 'One Size'),
	('135bacfe-fae5-45ff-b7f5-2b7176cd1d8d', '583bc73c-fdd4-4c53-aeb8-a39b73e1371c', 'Unisex t-shirt LIGHT / Mustard / S', 'Mustard-S', '4938814128', 24.99, true, true, 'Mustard', '#eab308', NULL, 'S', '2025-09-01 03:59:24.176924+00', '2025-09-01 03:59:24.176924+00', 'Mustard', NULL, 'S'),
	('f816ef24-aa93-459c-a722-ae809b93fe4a', '583bc73c-fdd4-4c53-aeb8-a39b73e1371c', 'Unisex t-shirt LIGHT / Mustard / M', 'Mustard-M', '4938814129', 24.99, true, true, 'Mustard', '#eab308', NULL, 'M', '2025-09-01 03:59:24.176924+00', '2025-09-01 03:59:24.176924+00', 'Mustard', NULL, 'M'),
	('acfd9115-816f-41f5-a53b-48c37fbd4fb5', '583bc73c-fdd4-4c53-aeb8-a39b73e1371c', 'Unisex t-shirt LIGHT / Mustard / L', 'Mustard-L', '4938814130', 24.99, true, true, 'Mustard', '#eab308', NULL, 'L', '2025-09-01 03:59:24.176924+00', '2025-09-01 03:59:24.176924+00', 'Mustard', NULL, 'L'),
	('c368af4b-fce0-46df-a836-5c2d1d5133f3', '583bc73c-fdd4-4c53-aeb8-a39b73e1371c', 'Unisex t-shirt LIGHT / Mustard / XL', 'Mustard-XL', '4938814131', 24.99, true, true, 'Mustard', '#eab308', NULL, 'XL', '2025-09-01 03:59:24.176924+00', '2025-09-01 03:59:24.176924+00', 'Mustard', NULL, 'XL'),
	('f45cb40b-0fc3-4c9f-bf4f-908c780e1530', '583bc73c-fdd4-4c53-aeb8-a39b73e1371c', 'Unisex t-shirt LIGHT / Mustard / 2XL', 'Mustard-2XL', '4938814132', 24.99, true, true, 'Mustard', '#eab308', NULL, '2XL', '2025-09-01 03:59:24.176924+00', '2025-09-01 03:59:24.176924+00', 'Mustard', NULL, '2XL'),
	('f727a7dd-b9c6-4f9a-95bf-7073a887e9f2', '583bc73c-fdd4-4c53-aeb8-a39b73e1371c', 'Unisex t-shirt LIGHT / Heather Prism Peach / S', 'Heather Prism Peach-S', '4938814133', 24.99, true, true, 'Heather Prism Peach', '#fb923c', NULL, 'S', '2025-09-01 03:59:24.176924+00', '2025-09-01 03:59:24.176924+00', 'Heather Prism Peach', NULL, 'S'),
	('2fd92b40-892a-468e-a6ce-d853e9a6b960', '583bc73c-fdd4-4c53-aeb8-a39b73e1371c', 'Unisex t-shirt LIGHT / Heather Prism Peach / M', 'Heather Prism Peach-M', '4938814134', 24.99, true, true, 'Heather Prism Peach', '#fb923c', NULL, 'M', '2025-09-01 03:59:24.176924+00', '2025-09-01 03:59:24.176924+00', 'Heather Prism Peach', NULL, 'M'),
	('25453f4a-b0fe-460e-b74d-c40375fae3d6', '583bc73c-fdd4-4c53-aeb8-a39b73e1371c', 'Unisex t-shirt LIGHT / Heather Prism Peach / L', 'Heather Prism Peach-L', '4938814135', 24.99, true, true, 'Heather Prism Peach', '#fb923c', NULL, 'L', '2025-09-01 03:59:24.176924+00', '2025-09-01 03:59:24.176924+00', 'Heather Prism Peach', NULL, 'L'),
	('13753aa5-f837-42ee-b992-eddba22b20d3', '583bc73c-fdd4-4c53-aeb8-a39b73e1371c', 'Unisex t-shirt LIGHT / Heather Prism Peach / XL', 'Heather Prism Peach-XL', '4938814136', 24.99, true, true, 'Heather Prism Peach', '#fb923c', NULL, 'XL', '2025-09-01 03:59:24.176924+00', '2025-09-01 03:59:24.176924+00', 'Heather Prism Peach', NULL, 'XL'),
	('8a77d17f-7072-4897-baf3-415a600d0d9e', '583bc73c-fdd4-4c53-aeb8-a39b73e1371c', 'Unisex t-shirt LIGHT / Heather Prism Peach / 2XL', 'Heather Prism Peach-2XL', '4938814137', 24.99, true, true, 'Heather Prism Peach', '#fb923c', NULL, '2XL', '2025-09-01 03:59:24.176924+00', '2025-09-01 03:59:24.176924+00', 'Heather Prism Peach', NULL, '2XL'),
	('f64fdaaa-2268-4c79-b2f6-ea86edbd20df', '583bc73c-fdd4-4c53-aeb8-a39b73e1371c', 'Unisex t-shirt LIGHT / Pink / S', 'Pink-S', '4938814138', 24.99, true, true, 'Pink', '#ec4899', NULL, 'S', '2025-09-01 03:59:24.176924+00', '2025-09-01 03:59:24.176924+00', 'Pink', NULL, 'S'),
	('d4809f3c-b58b-46bc-a11d-aa8f612605f8', '583bc73c-fdd4-4c53-aeb8-a39b73e1371c', 'Unisex t-shirt LIGHT / Pink / M', 'Pink-M', '4938814139', 24.99, true, true, 'Pink', '#ec4899', NULL, 'M', '2025-09-01 03:59:24.176924+00', '2025-09-01 03:59:24.176924+00', 'Pink', NULL, 'M'),
	('55e7dd3c-2ea4-40af-a39e-902223fe27da', '583bc73c-fdd4-4c53-aeb8-a39b73e1371c', 'Unisex t-shirt LIGHT / Pink / L', 'Pink-L', '4938814140', 24.99, true, true, 'Pink', '#ec4899', NULL, 'L', '2025-09-01 03:59:24.176924+00', '2025-09-01 03:59:24.176924+00', 'Pink', NULL, 'L'),
	('a3004b6f-2258-46c3-a554-e0c12de293aa', '583bc73c-fdd4-4c53-aeb8-a39b73e1371c', 'Unisex t-shirt LIGHT / Pink / XL', 'Pink-XL', '4938814141', 24.99, true, true, 'Pink', '#ec4899', NULL, 'XL', '2025-09-01 03:59:24.176924+00', '2025-09-01 03:59:24.176924+00', 'Pink', NULL, 'XL'),
	('b11d58b6-515f-4528-81b1-550e2613e9c5', '583bc73c-fdd4-4c53-aeb8-a39b73e1371c', 'Unisex t-shirt LIGHT / Pink / 2XL', 'Pink-2XL', '4938814142', 24.99, true, true, 'Pink', '#ec4899', NULL, '2XL', '2025-09-01 03:59:24.176924+00', '2025-09-01 03:59:24.176924+00', 'Pink', NULL, '2XL'),
	('aeff3733-2eef-4264-8bbb-d123e923d3ae', '583bc73c-fdd4-4c53-aeb8-a39b73e1371c', 'Unisex t-shirt LIGHT / Athletic Heather / S', 'Athletic Heather-S', '4938814143', 24.99, true, true, 'Athletic Heather', '#9ca3af', NULL, 'S', '2025-09-01 03:59:24.176924+00', '2025-09-01 03:59:24.176924+00', 'Athletic Heather', NULL, 'S'),
	('050e8492-cab7-47ab-a4dd-68f6203dd4c0', '583bc73c-fdd4-4c53-aeb8-a39b73e1371c', 'Unisex t-shirt LIGHT / Athletic Heather / M', 'Athletic Heather-M', '4938814144', 24.99, true, true, 'Athletic Heather', '#9ca3af', NULL, 'M', '2025-09-01 03:59:24.176924+00', '2025-09-01 03:59:24.176924+00', 'Athletic Heather', NULL, 'M'),
	('f20dbfad-79c7-4df6-ab28-19411690784d', '583bc73c-fdd4-4c53-aeb8-a39b73e1371c', 'Unisex t-shirt LIGHT / Athletic Heather / L', 'Athletic Heather-L', '4938814145', 24.99, true, true, 'Athletic Heather', '#9ca3af', NULL, 'L', '2025-09-01 03:59:24.176924+00', '2025-09-01 03:59:24.176924+00', 'Athletic Heather', NULL, 'L'),
	('745cc437-5d37-4e24-9a79-7c40ecec173e', '583bc73c-fdd4-4c53-aeb8-a39b73e1371c', 'Unisex t-shirt LIGHT / Athletic Heather / XL', 'Athletic Heather-XL', '4938814146', 24.99, true, true, 'Athletic Heather', '#9ca3af', NULL, 'XL', '2025-09-01 03:59:24.176924+00', '2025-09-01 03:59:24.176924+00', 'Athletic Heather', NULL, 'XL'),
	('898aeef9-e539-4824-9d1e-3bd2133bdfbd', '583bc73c-fdd4-4c53-aeb8-a39b73e1371c', 'Unisex t-shirt LIGHT / Athletic Heather / 2XL', 'Athletic Heather-2XL', '4938814147', 24.99, true, true, 'Athletic Heather', '#9ca3af', NULL, '2XL', '2025-09-01 03:59:24.176924+00', '2025-09-01 03:59:24.176924+00', 'Athletic Heather', NULL, '2XL'),
	('7b2f400c-dbd8-4ffe-946a-3a64c20d13aa', '583bc73c-fdd4-4c53-aeb8-a39b73e1371c', 'Unisex t-shirt LIGHT / Yellow / S', 'Yellow-S', '4938814148', 24.99, true, true, 'Yellow', '#facc15', NULL, 'S', '2025-09-01 03:59:24.176924+00', '2025-09-01 03:59:24.176924+00', 'Yellow', NULL, 'S'),
	('12819010-a29d-431f-be5c-4cde0faec624', '583bc73c-fdd4-4c53-aeb8-a39b73e1371c', 'Unisex t-shirt LIGHT / Yellow / M', 'Yellow-M', '4938814149', 24.99, true, true, 'Yellow', '#facc15', NULL, 'M', '2025-09-01 03:59:24.176924+00', '2025-09-01 03:59:24.176924+00', 'Yellow', NULL, 'M'),
	('91f8003a-cdf0-49b5-98e5-0b4cdad6ba48', '583bc73c-fdd4-4c53-aeb8-a39b73e1371c', 'Unisex t-shirt LIGHT / Yellow / L', 'Yellow-L', '4938814150', 24.99, true, true, 'Yellow', '#facc15', NULL, 'L', '2025-09-01 03:59:24.176924+00', '2025-09-01 03:59:24.176924+00', 'Yellow', NULL, 'L'),
	('84da461c-d85e-487f-b62c-8d557b25f2f3', '583bc73c-fdd4-4c53-aeb8-a39b73e1371c', 'Unisex t-shirt LIGHT / Yellow / XL', 'Yellow-XL', '4938814151', 24.99, true, true, 'Yellow', '#facc15', NULL, 'XL', '2025-09-01 03:59:24.176924+00', '2025-09-01 03:59:24.176924+00', 'Yellow', NULL, 'XL'),
	('0a575c2f-ab4f-4258-a7da-e04345f9ae4f', '583bc73c-fdd4-4c53-aeb8-a39b73e1371c', 'Unisex t-shirt LIGHT / Yellow / 2XL', 'Yellow-2XL', '4938814152', 24.99, true, true, 'Yellow', '#facc15', NULL, '2XL', '2025-09-01 03:59:24.176924+00', '2025-09-01 03:59:24.176924+00', 'Yellow', NULL, '2XL'),
	('06ea02d4-1966-4cee-a0a7-640448a3a9e0', '583bc73c-fdd4-4c53-aeb8-a39b73e1371c', 'Unisex t-shirt LIGHT / Heather Dust / S', 'Heather Dust-S', '4938814153', 24.99, true, true, 'Heather Dust', '#fbbf24', NULL, 'S', '2025-09-01 03:59:24.176924+00', '2025-09-01 03:59:24.176924+00', 'Heather Dust', NULL, 'S'),
	('cefa14a9-b37e-42d7-b476-7bdb4f494ea7', '583bc73c-fdd4-4c53-aeb8-a39b73e1371c', 'Unisex t-shirt LIGHT / Heather Dust / M', 'Heather Dust-M', '4938814154', 24.99, true, true, 'Heather Dust', '#fbbf24', NULL, 'M', '2025-09-01 03:59:24.176924+00', '2025-09-01 03:59:24.176924+00', 'Heather Dust', NULL, 'M'),
	('c2a0c19c-68b0-4491-a4e4-2936c5367414', '583bc73c-fdd4-4c53-aeb8-a39b73e1371c', 'Unisex t-shirt LIGHT / Heather Dust / L', 'Heather Dust-L', '4938814155', 24.99, true, true, 'Heather Dust', '#fbbf24', NULL, 'L', '2025-09-01 03:59:24.176924+00', '2025-09-01 03:59:24.176924+00', 'Heather Dust', NULL, 'L'),
	('d1d1d35e-5f00-4be6-879e-24d4dbb5bd93', '583bc73c-fdd4-4c53-aeb8-a39b73e1371c', 'Unisex t-shirt LIGHT / Heather Dust / XL', 'Heather Dust-XL', '4938814156', 24.99, true, true, 'Heather Dust', '#fbbf24', NULL, 'XL', '2025-09-01 03:59:24.176924+00', '2025-09-01 03:59:24.176924+00', 'Heather Dust', NULL, 'XL'),
	('7083ff51-b3cb-4232-8461-ace4cbdd7d1f', '583bc73c-fdd4-4c53-aeb8-a39b73e1371c', 'Unisex t-shirt LIGHT / Heather Dust / 2XL', 'Heather Dust-2XL', '4938814157', 24.99, true, true, 'Heather Dust', '#fbbf24', NULL, '2XL', '2025-09-01 03:59:24.176924+00', '2025-09-01 03:59:24.176924+00', 'Heather Dust', NULL, '2XL'),
	('310716eb-e640-4cf5-b64f-dfc9f9b58b35', '583bc73c-fdd4-4c53-aeb8-a39b73e1371c', 'Unisex t-shirt LIGHT / Ash / S', 'Ash-S', '4938814158', 24.99, true, true, 'Ash', '#e5e7eb', NULL, 'S', '2025-09-01 03:59:24.176924+00', '2025-09-01 03:59:24.176924+00', 'Ash', NULL, 'S'),
	('9ad3c1e5-2bac-41d6-a725-b32f017781b8', '583bc73c-fdd4-4c53-aeb8-a39b73e1371c', 'Unisex t-shirt LIGHT / Ash / M', 'Ash-M', '4938814159', 24.99, true, true, 'Ash', '#e5e7eb', NULL, 'M', '2025-09-01 03:59:24.176924+00', '2025-09-01 03:59:24.176924+00', 'Ash', NULL, 'M'),
	('b36c1df9-5327-49f1-8a2b-90bc5fb3502e', '583bc73c-fdd4-4c53-aeb8-a39b73e1371c', 'Unisex t-shirt LIGHT / Ash / L', 'Ash-L', '4938814160', 24.99, true, true, 'Ash', '#e5e7eb', NULL, 'L', '2025-09-01 03:59:24.176924+00', '2025-09-01 03:59:24.176924+00', 'Ash', NULL, 'L'),
	('70473678-490d-4d13-8e63-1d67498ac56f', '583bc73c-fdd4-4c53-aeb8-a39b73e1371c', 'Unisex t-shirt LIGHT / Ash / XL', 'Ash-XL', '4938814161', 24.99, true, true, 'Ash', '#e5e7eb', NULL, 'XL', '2025-09-01 03:59:24.176924+00', '2025-09-01 03:59:24.176924+00', 'Ash', NULL, 'XL'),
	('a14e1f21-da07-4960-86bb-45bd637e5d74', '583bc73c-fdd4-4c53-aeb8-a39b73e1371c', 'Unisex t-shirt LIGHT / Ash / 2XL', 'Ash-2XL', '4938814162', 24.99, true, true, 'Ash', '#e5e7eb', NULL, '2XL', '2025-09-01 03:59:24.176924+00', '2025-09-01 03:59:24.176924+00', 'Ash', NULL, '2XL'),
	('81a28f1c-1685-4c26-b624-7c2e9c0204a4', '583bc73c-fdd4-4c53-aeb8-a39b73e1371c', 'Unisex t-shirt LIGHT / White / S', 'White-S', '4938814163', 24.99, true, true, 'White', '#FFFFFF', NULL, 'S', '2025-09-01 03:59:24.176924+00', '2025-09-01 03:59:24.176924+00', 'White', NULL, 'S'),
	('d3cda740-851b-4c8c-8edc-2580acc21830', '583bc73c-fdd4-4c53-aeb8-a39b73e1371c', 'Unisex t-shirt LIGHT / White / M', 'White-M', '4938814164', 24.99, true, true, 'White', '#FFFFFF', NULL, 'M', '2025-09-01 03:59:24.176924+00', '2025-09-01 03:59:24.176924+00', 'White', NULL, 'M'),
	('63509573-a409-4537-8845-8ad5ae30890b', '583bc73c-fdd4-4c53-aeb8-a39b73e1371c', 'Unisex t-shirt LIGHT / White / L', 'White-L', '4938814165', 24.99, true, true, 'White', '#FFFFFF', NULL, 'L', '2025-09-01 03:59:24.176924+00', '2025-09-01 03:59:24.176924+00', 'White', NULL, 'L'),
	('ae9c61c0-82a1-416b-a35c-6017951b774b', '583bc73c-fdd4-4c53-aeb8-a39b73e1371c', 'Unisex t-shirt LIGHT / White / XL', 'White-XL', '4938814166', 24.99, true, true, 'White', '#FFFFFF', NULL, 'XL', '2025-09-01 03:59:24.176924+00', '2025-09-01 03:59:24.176924+00', 'White', NULL, 'XL'),
	('e056623a-9232-482f-b253-6e08e59a61a4', '583bc73c-fdd4-4c53-aeb8-a39b73e1371c', 'Unisex t-shirt LIGHT / White / 2XL', 'White-2XL', '4938814167', 24.99, true, true, 'White', '#FFFFFF', NULL, '2XL', '2025-09-01 03:59:24.176924+00', '2025-09-01 03:59:24.176924+00', 'White', NULL, '2XL'),
	('9d366d75-3481-4d5f-aaa7-1fb29d5a3291', '5889188a-e6c9-4161-96fa-c370a2a3c89b', 'Unisex Hoodie DARK / Black / S', 'Black-S', '4938800533', 39.99, true, true, 'Black', '#000000', NULL, 'S', '2025-09-01 03:59:38.006621+00', '2025-09-01 03:59:38.006621+00', 'Black', NULL, 'S'),
	('4f5b6269-323f-474d-9b9e-0f8915e9ad72', '5889188a-e6c9-4161-96fa-c370a2a3c89b', 'Unisex Hoodie DARK / Black / M', 'Black-M', '4938800534', 39.99, true, true, 'Black', '#000000', NULL, 'M', '2025-09-01 03:59:38.006621+00', '2025-09-01 03:59:38.006621+00', 'Black', NULL, 'M'),
	('b30c3c8c-3932-49cd-b881-ee747471a4b4', '5889188a-e6c9-4161-96fa-c370a2a3c89b', 'Unisex Hoodie DARK / Black / L', 'Black-L', '4938800535', 39.99, true, true, 'Black', '#000000', NULL, 'L', '2025-09-01 03:59:38.006621+00', '2025-09-01 03:59:38.006621+00', 'Black', NULL, 'L'),
	('b58e297e-3af1-40d3-ab81-74c02d59f216', '5889188a-e6c9-4161-96fa-c370a2a3c89b', 'Unisex Hoodie DARK / Black / XL', 'Black-XL', '4938800536', 39.99, true, true, 'Black', '#000000', NULL, 'XL', '2025-09-01 03:59:38.006621+00', '2025-09-01 03:59:38.006621+00', 'Black', NULL, 'XL'),
	('a053b4e6-81f5-4d00-a185-a6d95c2b8911', '5889188a-e6c9-4161-96fa-c370a2a3c89b', 'Unisex Hoodie DARK / Black / 2XL', 'Black-2XL', '4938800537', 39.99, true, true, 'Black', '#000000', NULL, '2XL', '2025-09-01 03:59:38.006621+00', '2025-09-01 03:59:38.006621+00', 'Black', NULL, '2XL'),
	('0bc03427-b35d-47a8-bd9d-48976019a59d', '5889188a-e6c9-4161-96fa-c370a2a3c89b', 'Unisex Hoodie DARK / Navy / S', 'Navy-S', '4938800538', 39.99, true, true, 'Navy', '#1f2937', NULL, 'S', '2025-09-01 03:59:38.006621+00', '2025-09-01 03:59:38.006621+00', 'Navy', NULL, 'S'),
	('adff7a2f-e42e-410f-a952-34467f62060e', '5889188a-e6c9-4161-96fa-c370a2a3c89b', 'Unisex Hoodie DARK / Navy / M', 'Navy-M', '4938800539', 39.99, true, true, 'Navy', '#1f2937', NULL, 'M', '2025-09-01 03:59:38.006621+00', '2025-09-01 03:59:38.006621+00', 'Navy', NULL, 'M'),
	('b71d0bca-b17c-4471-b6f8-cf8d486b5336', '5889188a-e6c9-4161-96fa-c370a2a3c89b', 'Unisex Hoodie DARK / Navy / L', 'Navy-L', '4938800540', 39.99, true, true, 'Navy', '#1f2937', NULL, 'L', '2025-09-01 03:59:38.006621+00', '2025-09-01 03:59:38.006621+00', 'Navy', NULL, 'L'),
	('242800ca-2fba-4129-b57e-07465227bf32', '5889188a-e6c9-4161-96fa-c370a2a3c89b', 'Unisex Hoodie DARK / Navy / XL', 'Navy-XL', '4938800541', 39.99, true, true, 'Navy', '#1f2937', NULL, 'XL', '2025-09-01 03:59:38.006621+00', '2025-09-01 03:59:38.006621+00', 'Navy', NULL, 'XL'),
	('0d17f9b7-cb23-472b-b467-f72aea97d8d8', '5889188a-e6c9-4161-96fa-c370a2a3c89b', 'Unisex Hoodie DARK / Navy / 2XL', 'Navy-2XL', '4938800542', 39.99, true, true, 'Navy', '#1f2937', NULL, '2XL', '2025-09-01 03:59:38.006621+00', '2025-09-01 03:59:38.006621+00', 'Navy', NULL, '2XL'),
	('b5dae4b8-4356-458b-9b0d-e7b73347c198', '5889188a-e6c9-4161-96fa-c370a2a3c89b', 'Unisex Hoodie DARK / Red / S', 'Red-S', '4938800543', 39.99, true, true, 'Red', '#dc2626', NULL, 'S', '2025-09-01 03:59:38.006621+00', '2025-09-01 03:59:38.006621+00', 'Red', NULL, 'S'),
	('b0e9082b-44fd-4a5a-b25c-172d0039f437', '5889188a-e6c9-4161-96fa-c370a2a3c89b', 'Unisex Hoodie DARK / Red / M', 'Red-M', '4938800544', 39.99, true, true, 'Red', '#dc2626', NULL, 'M', '2025-09-01 03:59:38.006621+00', '2025-09-01 03:59:38.006621+00', 'Red', NULL, 'M'),
	('e925f1c2-4a9b-4197-9e0f-92e21fcfb622', '5889188a-e6c9-4161-96fa-c370a2a3c89b', 'Unisex Hoodie DARK / Red / L', 'Red-L', '4938800545', 39.99, true, true, 'Red', '#dc2626', NULL, 'L', '2025-09-01 03:59:38.006621+00', '2025-09-01 03:59:38.006621+00', 'Red', NULL, 'L'),
	('cf1a04a3-64e3-4290-b322-5e7cd5f4ed0a', '5889188a-e6c9-4161-96fa-c370a2a3c89b', 'Unisex Hoodie DARK / Red / XL', 'Red-XL', '4938800546', 39.99, true, true, 'Red', '#dc2626', NULL, 'XL', '2025-09-01 03:59:38.006621+00', '2025-09-01 03:59:38.006621+00', 'Red', NULL, 'XL'),
	('b00d50cf-686b-4968-9550-a71d18d0329c', '5889188a-e6c9-4161-96fa-c370a2a3c89b', 'Unisex Hoodie DARK / Red / 2XL', 'Red-2XL', '4938800547', 39.99, true, true, 'Red', '#dc2626', NULL, '2XL', '2025-09-01 03:59:38.006621+00', '2025-09-01 03:59:38.006621+00', 'Red', NULL, '2XL'),
	('e3ee6495-e02f-4832-bafa-431fef0c71c5', '5889188a-e6c9-4161-96fa-c370a2a3c89b', 'Unisex Hoodie DARK / Dark Heather / S', 'Dark Heather-S', '4938800548', 39.99, true, true, 'Dark Heather', '#374151', NULL, 'S', '2025-09-01 03:59:38.006621+00', '2025-09-01 03:59:38.006621+00', 'Dark Heather', NULL, 'S'),
	('ce03f357-02f1-4a5d-bf23-b1fe927d93bd', '5889188a-e6c9-4161-96fa-c370a2a3c89b', 'Unisex Hoodie DARK / Dark Heather / M', 'Dark Heather-M', '4938800549', 39.99, true, true, 'Dark Heather', '#374151', NULL, 'M', '2025-09-01 03:59:38.006621+00', '2025-09-01 03:59:38.006621+00', 'Dark Heather', NULL, 'M'),
	('d8817162-6ce3-4566-a122-4d57e48034e0', '5889188a-e6c9-4161-96fa-c370a2a3c89b', 'Unisex Hoodie DARK / Dark Heather / L', 'Dark Heather-L', '4938800550', 39.99, true, true, 'Dark Heather', '#374151', NULL, 'L', '2025-09-01 03:59:38.006621+00', '2025-09-01 03:59:38.006621+00', 'Dark Heather', NULL, 'L'),
	('53df7663-c085-43d2-8b1b-b70b7d41febd', '5889188a-e6c9-4161-96fa-c370a2a3c89b', 'Unisex Hoodie DARK / Dark Heather / XL', 'Dark Heather-XL', '4938800551', 39.99, true, true, 'Dark Heather', '#374151', NULL, 'XL', '2025-09-01 03:59:38.006621+00', '2025-09-01 03:59:38.006621+00', 'Dark Heather', NULL, 'XL'),
	('ad10acdc-c191-4904-9f53-93b83b9ecc74', '5889188a-e6c9-4161-96fa-c370a2a3c89b', 'Unisex Hoodie DARK / Dark Heather / 2XL', 'Dark Heather-2XL', '4938800552', 39.99, true, true, 'Dark Heather', '#374151', NULL, '2XL', '2025-09-01 03:59:38.006621+00', '2025-09-01 03:59:38.006621+00', 'Dark Heather', NULL, '2XL'),
	('f3fae612-c8aa-43cc-bbdd-6460fb47b90e', '5889188a-e6c9-4161-96fa-c370a2a3c89b', 'Unisex Hoodie DARK / Indigo Blue / S', 'Indigo Blue-S', '4938800553', 39.99, true, true, 'Indigo Blue', '#4338ca', NULL, 'S', '2025-09-01 03:59:38.006621+00', '2025-09-01 03:59:38.006621+00', 'Indigo Blue', NULL, 'S'),
	('390fbaf4-dc64-4211-ada7-1a4326c234b3', '5889188a-e6c9-4161-96fa-c370a2a3c89b', 'Unisex Hoodie DARK / Indigo Blue / M', 'Indigo Blue-M', '4938800554', 39.99, true, true, 'Indigo Blue', '#4338ca', NULL, 'M', '2025-09-01 03:59:38.006621+00', '2025-09-01 03:59:38.006621+00', 'Indigo Blue', NULL, 'M'),
	('35157c47-cc2d-4050-9304-bf0d90502aaf', '5889188a-e6c9-4161-96fa-c370a2a3c89b', 'Unisex Hoodie DARK / Indigo Blue / L', 'Indigo Blue-L', '4938800555', 39.99, true, true, 'Indigo Blue', '#4338ca', NULL, 'L', '2025-09-01 03:59:38.006621+00', '2025-09-01 03:59:38.006621+00', 'Indigo Blue', NULL, 'L'),
	('1e13ff0a-f8cc-47a7-b139-ccdd7caf4caf', '5889188a-e6c9-4161-96fa-c370a2a3c89b', 'Unisex Hoodie DARK / Indigo Blue / XL', 'Indigo Blue-XL', '4938800556', 39.99, true, true, 'Indigo Blue', '#4338ca', NULL, 'XL', '2025-09-01 03:59:38.006621+00', '2025-09-01 03:59:38.006621+00', 'Indigo Blue', NULL, 'XL'),
	('e2a613a7-252b-4387-8484-5acfca048be8', '5889188a-e6c9-4161-96fa-c370a2a3c89b', 'Unisex Hoodie DARK / Indigo Blue / 2XL', 'Indigo Blue-2XL', '4938800557', 39.99, true, true, 'Indigo Blue', '#4338ca', NULL, '2XL', '2025-09-01 03:59:38.006621+00', '2025-09-01 03:59:38.006621+00', 'Indigo Blue', NULL, '2XL'),
	('5decd093-9270-4cdb-a37d-75e257a76df9', '41412063-9f04-42ef-aafd-9800a47238ae', 'Unisex Hoodie LIGHT / Sport Grey / S', 'Sport Grey-S', '4938797545', 39.99, true, true, 'Sport Grey', '#6b7280', NULL, 'S', '2025-09-01 03:59:48.144924+00', '2025-09-01 03:59:48.144924+00', 'Sport Grey', NULL, 'S'),
	('6f492e75-bcf7-43f9-8d77-24a176bd5f68', '41412063-9f04-42ef-aafd-9800a47238ae', 'Unisex Hoodie LIGHT / Sport Grey / M', 'Sport Grey-M', '4938797546', 39.99, true, true, 'Sport Grey', '#6b7280', NULL, 'M', '2025-09-01 03:59:48.144924+00', '2025-09-01 03:59:48.144924+00', 'Sport Grey', NULL, 'M'),
	('bcbf59c1-8001-4675-8158-cb728449038a', '41412063-9f04-42ef-aafd-9800a47238ae', 'Unisex Hoodie LIGHT / Sport Grey / L', 'Sport Grey-L', '4938797547', 39.99, true, true, 'Sport Grey', '#6b7280', NULL, 'L', '2025-09-01 03:59:48.144924+00', '2025-09-01 03:59:48.144924+00', 'Sport Grey', NULL, 'L'),
	('21c274e0-f9ca-4873-aedc-14508a39d806', '41412063-9f04-42ef-aafd-9800a47238ae', 'Unisex Hoodie LIGHT / Sport Grey / XL', 'Sport Grey-XL', '4938797548', 39.99, true, true, 'Sport Grey', '#6b7280', NULL, 'XL', '2025-09-01 03:59:48.144924+00', '2025-09-01 03:59:48.144924+00', 'Sport Grey', NULL, 'XL'),
	('53b5af47-e656-4320-b583-415d6c3c3534', '41412063-9f04-42ef-aafd-9800a47238ae', 'Unisex Hoodie LIGHT / Sport Grey / 2XL', 'Sport Grey-2XL', '4938797549', 39.99, true, true, 'Sport Grey', '#6b7280', NULL, '2XL', '2025-09-01 03:59:48.144924+00', '2025-09-01 03:59:48.144924+00', 'Sport Grey', NULL, '2XL'),
	('d73cdc47-a9f5-41d8-bc97-e694f6c423c2', '41412063-9f04-42ef-aafd-9800a47238ae', 'Unisex Hoodie LIGHT / Light Blue / S', 'Light Blue-S', '4938797550', 39.99, true, true, 'Light Blue', '#3b82f6', NULL, 'S', '2025-09-01 03:59:48.144924+00', '2025-09-01 03:59:48.144924+00', 'Light Blue', NULL, 'S'),
	('8316f68f-7dd8-4b02-a7f9-ec1b11af73f6', '41412063-9f04-42ef-aafd-9800a47238ae', 'Unisex Hoodie LIGHT / Light Blue / M', 'Light Blue-M', '4938797551', 39.99, true, true, 'Light Blue', '#3b82f6', NULL, 'M', '2025-09-01 03:59:48.144924+00', '2025-09-01 03:59:48.144924+00', 'Light Blue', NULL, 'M'),
	('b9d57f48-ccc6-4d06-ad41-09d0a2d632d8', '41412063-9f04-42ef-aafd-9800a47238ae', 'Unisex Hoodie LIGHT / Light Blue / L', 'Light Blue-L', '4938797552', 39.99, true, true, 'Light Blue', '#3b82f6', NULL, 'L', '2025-09-01 03:59:48.144924+00', '2025-09-01 03:59:48.144924+00', 'Light Blue', NULL, 'L'),
	('ecb1bed3-649c-4c29-99b4-4d9322b974b3', '41412063-9f04-42ef-aafd-9800a47238ae', 'Unisex Hoodie LIGHT / Light Blue / XL', 'Light Blue-XL', '4938797553', 39.99, true, true, 'Light Blue', '#3b82f6', NULL, 'XL', '2025-09-01 03:59:48.144924+00', '2025-09-01 03:59:48.144924+00', 'Light Blue', NULL, 'XL'),
	('9d0ab649-a452-458d-92f2-4b9f2cc179ef', '41412063-9f04-42ef-aafd-9800a47238ae', 'Unisex Hoodie LIGHT / Light Blue / 2XL', 'Light Blue-2XL', '4938797554', 39.99, true, true, 'Light Blue', '#3b82f6', NULL, '2XL', '2025-09-01 03:59:48.144924+00', '2025-09-01 03:59:48.144924+00', 'Light Blue', NULL, '2XL'),
	('711eb8c5-bd8b-412b-8d2f-be647286f6f7', '41412063-9f04-42ef-aafd-9800a47238ae', 'Unisex Hoodie LIGHT / Light Pink / S', 'Light Pink-S', '4938797555', 39.99, true, true, 'Light Pink', '#fbcfe8', NULL, 'S', '2025-09-01 03:59:48.144924+00', '2025-09-01 03:59:48.144924+00', 'Light Pink', NULL, 'S'),
	('00062dcf-c0de-4237-9a84-6ce2241a2474', '41412063-9f04-42ef-aafd-9800a47238ae', 'Unisex Hoodie LIGHT / Light Pink / M', 'Light Pink-M', '4938797556', 39.99, true, true, 'Light Pink', '#fbcfe8', NULL, 'M', '2025-09-01 03:59:48.144924+00', '2025-09-01 03:59:48.144924+00', 'Light Pink', NULL, 'M'),
	('fa34616c-14b1-4a0a-9aff-396936785038', '41412063-9f04-42ef-aafd-9800a47238ae', 'Unisex Hoodie LIGHT / Light Pink / L', 'Light Pink-L', '4938797557', 39.99, true, true, 'Light Pink', '#fbcfe8', NULL, 'L', '2025-09-01 03:59:48.144924+00', '2025-09-01 03:59:48.144924+00', 'Light Pink', NULL, 'L'),
	('046bd120-18dc-4db9-902b-84ba17a96444', '41412063-9f04-42ef-aafd-9800a47238ae', 'Unisex Hoodie LIGHT / Light Pink / XL', 'Light Pink-XL', '4938797558', 39.99, true, true, 'Light Pink', '#fbcfe8', NULL, 'XL', '2025-09-01 03:59:48.144924+00', '2025-09-01 03:59:48.144924+00', 'Light Pink', NULL, 'XL'),
	('ef2d6021-5a18-47b4-9f86-4410121ddd10', '41412063-9f04-42ef-aafd-9800a47238ae', 'Unisex Hoodie LIGHT / Light Pink / 2XL', 'Light Pink-2XL', '4938797559', 39.99, true, true, 'Light Pink', '#fbcfe8', NULL, '2XL', '2025-09-01 03:59:48.144924+00', '2025-09-01 03:59:48.144924+00', 'Light Pink', NULL, '2XL'),
	('2a6911b2-e5c7-4ed9-be11-d45b6bc3a81c', '41412063-9f04-42ef-aafd-9800a47238ae', 'Unisex Hoodie LIGHT / White / S', 'White-S', '4938797560', 39.99, true, true, 'White', '#FFFFFF', NULL, 'S', '2025-09-01 03:59:48.144924+00', '2025-09-01 03:59:48.144924+00', 'White', NULL, 'S'),
	('08806313-0ee7-4006-a8ac-104dde64fc25', '41412063-9f04-42ef-aafd-9800a47238ae', 'Unisex Hoodie LIGHT / White / M', 'White-M', '4938797561', 39.99, true, true, 'White', '#FFFFFF', NULL, 'M', '2025-09-01 03:59:48.144924+00', '2025-09-01 03:59:48.144924+00', 'White', NULL, 'M'),
	('8e9e0351-2245-4bf1-9c2e-28df734a0fa7', '41412063-9f04-42ef-aafd-9800a47238ae', 'Unisex Hoodie LIGHT / White / L', 'White-L', '4938797562', 39.99, true, true, 'White', '#FFFFFF', NULL, 'L', '2025-09-01 03:59:48.144924+00', '2025-09-01 03:59:48.144924+00', 'White', NULL, 'L'),
	('0f8a4b35-906b-4abb-b454-010fd78cc367', '41412063-9f04-42ef-aafd-9800a47238ae', 'Unisex Hoodie LIGHT / White / XL', 'White-XL', '4938797563', 39.99, true, true, 'White', '#FFFFFF', NULL, 'XL', '2025-09-01 03:59:48.144924+00', '2025-09-01 03:59:48.144924+00', 'White', NULL, 'XL'),
	('d47f698f-8583-41b5-b0a9-5410feb471d2', '41412063-9f04-42ef-aafd-9800a47238ae', 'Unisex Hoodie LIGHT / White / 2XL', 'White-2XL', '4938797564', 39.99, true, true, 'White', '#FFFFFF', NULL, '2XL', '2025-09-01 03:59:48.144924+00', '2025-09-01 03:59:48.144924+00', 'White', NULL, '2XL'),
	('deef0391-ab7a-42c4-b8f0-1602a3fb5164', '103b8eaf-4ef5-44a1-9c9e-f49c8367f220', 'Reform UK Tote Bag', 'Black-One Size', '4937855201', 24.99, true, true, 'Black', '#000000', NULL, 'One Size', '2025-09-01 03:59:49.28585+00', '2025-09-01 03:59:49.28585+00', 'Black', NULL, 'One Size'),
	('619402c0-7292-42af-b2b0-b7b50b92cfe4', '0274bc92-4d93-47a2-a613-6fc2182de5c8', 'Reform UK Mug', 'White-11 oz', '4938946337', 9.99, true, true, 'White', '#FFFFFF', NULL, '11 oz', '2025-09-01 03:59:50.33257+00', '2025-09-01 03:59:50.33257+00', 'White', NULL, '11 oz'),
	('f260db20-2573-4507-bbf1-6bbe79b80f03', '2e7c2ccd-9b4e-413e-aac6-d2be53db9663', 'Reform UK Water Bottle', 'White-32 oz', '4938941055', 24.99, true, true, 'White', '#FFFFFF', NULL, '32 oz', '2025-09-01 03:59:51.681686+00', '2025-09-01 03:59:51.681686+00', 'White', NULL, '32 oz');


--
-- Data for Name: sync_errors; Type: TABLE DATA; Schema: public; Owner: postgres
--



--
-- Data for Name: sync_status; Type: TABLE DATA; Schema: public; Owner: postgres
--



--
-- Data for Name: user_preferences; Type: TABLE DATA; Schema: public; Owner: postgres
--



--
-- Data for Name: webhook_events; Type: TABLE DATA; Schema: public; Owner: postgres
--



--
-- Data for Name: webhook_logs; Type: TABLE DATA; Schema: public; Owner: postgres
--



--
-- Name: image_operations_log_id_seq; Type: SEQUENCE SET; Schema: public; Owner: postgres
--

SELECT pg_catalog.setval('"public"."image_operations_log_id_seq"', 1, false);


--
-- Name: product_images_id_seq; Type: SEQUENCE SET; Schema: public; Owner: postgres
--

SELECT pg_catalog.setval('"public"."product_images_id_seq"', 404, true);


--
-- PostgreSQL database dump complete
--

RESET ALL;
